[16:21:06.932][INFO ][rise.cc.ChuckChuckServerApplication.logStarting:line50] - Starting ChuckChuckServerApplication using Java 17.0.8 with PID 69338 (/Users/leeroa/Desktop/DEV/study/ChuckChuck-Server/build/classes/java/main started by leeroa in /Users/leeroa/Desktop/DEV/study/ChuckChuck-Server)
[16:21:06.933][INFO ][rise.cc.ChuckChuckServerApplication.logStartupProfileInfo:line654] - No active profile set, falling back to 1 default profile: "default"
[16:21:07.511][INFO ][org.springframework.boot.web.embedded.tomcat.TomcatWebServer.initialize:line109] - Tomcat initialized with port 28444 (https)
[16:21:07.518][INFO ][org.apache.catalina.core.StandardService.log:line173] - Starting service [Tomcat]
[16:21:07.518][INFO ][org.apache.catalina.core.StandardEngine.log:line173] - Starting Servlet engine: [Apache Tomcat/10.1.20]
[16:21:07.541][INFO ][org.apache.catalina.core.ContainerBase.[Tomcat].[localhost].[/].log:line173] - Initializing Spring embedded WebApplicationContext
[16:21:07.541][INFO ][org.springframework.boot.web.servlet.context.ServletWebServerApplicationContext.prepareWebApplicationContext:line296] - Root WebApplicationContext: initialization completed in 588 ms
[16:21:08.112][INFO ][org.apache.tomcat.util.net.NioEndpoint.certificate.log:line173] - Connector [https-jsse-nio-28444], TLS virtual host [_default_], certificate type [UNDEFINED] configured from keystore [/Users/leeroa/.keystore] using alias [tomcat] with trust store [null]
[16:21:08.118][INFO ][org.springframework.boot.web.embedded.tomcat.TomcatWebServer.start:line241] - Tomcat started on port 28444 (https) with context path ''
[16:21:08.123][INFO ][rise.cc.ChuckChuckServerApplication.logStarted:line56] - Started ChuckChuckServerApplication in 1.37 seconds (process running for 2.21)
[16:25:19.311][INFO ][org.apache.catalina.core.ContainerBase.[Tomcat].[localhost].[/].log:line173] - Initializing Spring DispatcherServlet 'dispatcherServlet'
[16:25:19.311][INFO ][org.springframework.web.servlet.DispatcherServlet.initServletBean:line532] - Initializing Servlet 'dispatcherServlet'
[16:25:19.316][INFO ][org.springframework.web.servlet.DispatcherServlet.initServletBean:line554] - Completed initialization in 5 ms
[16:25:19.368][INFO ][com.zaxxer.hikari.HikariDataSource.getConnection:line110] - HikariPool-1 - Starting...
[16:25:19.532][INFO ][com.zaxxer.hikari.pool.HikariPool.checkFailFast:line565] - HikariPool-1 - Added connection net.sf.log4jdbc.sql.jdbcapi.ConnectionSpy@2c264668
[16:25:19.533][INFO ][com.zaxxer.hikari.HikariDataSource.getConnection:line123] - HikariPool-1 - Start completed.
[16:25:19.576][INFO ][jdbc.sqltiming.sqlTimingOccurred:line373] - SELECT
            CC_EMP.EMP_EMAIL,
            CC_EMP.EMP_PW,
            CC_CODE.CODE_NAME AS ROLE
        FROM
            CC_EMP
                INNER JOIN
            CC_CODE
            ON
                CC_EMP.ROLE_ID = CC_CODE.CODE_NO
        WHERE
            EMP_RETIRE_DT IS NULL
          AND
            EMP_ACCOUNT_STATUS = 'Y'
          AND
            EMP_EMAIL = '4'
 {executed in 13 msec}
[16:25:19.589][INFO ][jdbc.resultsettable.resultSetCollected:line610] - 
|----------|-------|----------|
|emp_email |emp_pw |code_name |
|----------|-------|----------|
|4         |4      |ROLE_USER |
|----------|-------|----------|

[16:25:19.592][INFO ][rise.cc.service.EmpServiceImpl.loginProc:line29] - 로그인 프로세스 성공
[16:25:42.599][INFO ][jdbc.sqltiming.sqlTimingOccurred:line373] - SELECT
            CC_EMP.EMP_EMAIL,
            CC_EMP.EMP_PW,
            CC_CODE.CODE_NAME AS ROLE
        FROM
            CC_EMP
                INNER JOIN
            CC_CODE
            ON
                CC_EMP.ROLE_ID = CC_CODE.CODE_NO
        WHERE
            EMP_RETIRE_DT IS NULL
          AND
            EMP_ACCOUNT_STATUS = 'Y'
          AND
            EMP_EMAIL = '3'
 {executed in 12 msec}
[16:25:42.602][INFO ][jdbc.resultsettable.resultSetCollected:line610] - 
|----------|-------|----------|
|emp_email |emp_pw |code_name |
|----------|-------|----------|
|3         |3      |ROLE_EMP  |
|----------|-------|----------|

[16:25:42.609][INFO ][rise.cc.service.EmpServiceImpl.loginProc:line29] - 로그인 프로세스 성공
[16:25:57.873][INFO ][jdbc.sqltiming.sqlTimingOccurred:line373] - SELECT
            CC_EMP.EMP_EMAIL,
            CC_EMP.EMP_PW,
            CC_CODE.CODE_NAME AS ROLE
        FROM
            CC_EMP
                INNER JOIN
            CC_CODE
            ON
                CC_EMP.ROLE_ID = CC_CODE.CODE_NO
        WHERE
            EMP_RETIRE_DT IS NULL
          AND
            EMP_ACCOUNT_STATUS = 'Y'
          AND
            EMP_EMAIL = '3'
 {executed in 15 msec}
[16:25:57.874][INFO ][jdbc.resultsettable.resultSetCollected:line610] - 
|----------|-------|----------|
|emp_email |emp_pw |code_name |
|----------|-------|----------|
|3         |3      |ROLE_EMP  |
|----------|-------|----------|

[16:25:57.874][INFO ][rise.cc.service.EmpServiceImpl.loginProc:line29] - 로그인 프로세스 성공
[16:26:54.385][INFO ][jdbc.sqltiming.sqlTimingOccurred:line373] - SELECT
            CC_EMP.EMP_EMAIL,
            CC_EMP.EMP_PW,
            CC_CODE.CODE_NAME AS ROLE
        FROM
            CC_EMP
                INNER JOIN
            CC_CODE
            ON
                CC_EMP.ROLE_ID = CC_CODE.CODE_NO
        WHERE
            EMP_RETIRE_DT IS NULL
          AND
            EMP_ACCOUNT_STATUS = 'Y'
          AND
            EMP_EMAIL = '2'
 {executed in 13 msec}
[16:26:54.389][INFO ][jdbc.resultsettable.resultSetCollected:line610] - 
|----------|-------|-----------|
|emp_email |emp_pw |code_name  |
|----------|-------|-----------|
|2         |2      |ROLE_ADMIN |
|----------|-------|-----------|

[16:26:54.390][INFO ][rise.cc.service.EmpServiceImpl.loginProc:line29] - 로그인 프로세스 성공
[16:28:30.133][INFO ][com.zaxxer.hikari.HikariDataSource.close:line350] - HikariPool-1 - Shutdown initiated...
[16:28:30.169][INFO ][com.zaxxer.hikari.HikariDataSource.close:line352] - HikariPool-1 - Shutdown completed.
[16:28:32.505][INFO ][rise.cc.ChuckChuckServerApplication.logStarting:line50] - Starting ChuckChuckServerApplication using Java 17.0.8 with PID 69476 (/Users/leeroa/Desktop/DEV/study/ChuckChuck-Server/build/classes/java/main started by leeroa in /Users/leeroa/Desktop/DEV/study/ChuckChuck-Server)
[16:28:32.508][INFO ][rise.cc.ChuckChuckServerApplication.logStartupProfileInfo:line654] - No active profile set, falling back to 1 default profile: "default"
[16:28:33.046][INFO ][org.springframework.boot.web.embedded.tomcat.TomcatWebServer.initialize:line109] - Tomcat initialized with port 28444 (https)
[16:28:33.056][INFO ][org.apache.catalina.core.StandardService.log:line173] - Starting service [Tomcat]
[16:28:33.056][INFO ][org.apache.catalina.core.StandardEngine.log:line173] - Starting Servlet engine: [Apache Tomcat/10.1.20]
[16:28:33.079][INFO ][org.apache.catalina.core.ContainerBase.[Tomcat].[localhost].[/].log:line173] - Initializing Spring embedded WebApplicationContext
[16:28:33.079][INFO ][org.springframework.boot.web.servlet.context.ServletWebServerApplicationContext.prepareWebApplicationContext:line296] - Root WebApplicationContext: initialization completed in 552 ms
[16:28:33.612][INFO ][org.apache.tomcat.util.net.NioEndpoint.certificate.log:line173] - Connector [https-jsse-nio-28444], TLS virtual host [_default_], certificate type [UNDEFINED] configured from keystore [/Users/leeroa/.keystore] using alias [tomcat] with trust store [null]
[16:28:33.618][INFO ][org.springframework.boot.web.embedded.tomcat.TomcatWebServer.start:line241] - Tomcat started on port 28444 (https) with context path ''
[16:28:33.623][INFO ][rise.cc.ChuckChuckServerApplication.logStarted:line56] - Started ChuckChuckServerApplication in 1.283 seconds (process running for 1.997)
[16:29:04.375][INFO ][org.apache.catalina.core.ContainerBase.[Tomcat].[localhost].[/].log:line173] - Initializing Spring DispatcherServlet 'dispatcherServlet'
[16:29:04.375][INFO ][org.springframework.web.servlet.DispatcherServlet.initServletBean:line532] - Initializing Servlet 'dispatcherServlet'
[16:29:04.378][INFO ][org.springframework.web.servlet.DispatcherServlet.initServletBean:line554] - Completed initialization in 2 ms
[16:29:04.815][INFO ][org.springdoc.api.AbstractOpenApiResource.getOpenApi:line387] - Init duration for springdoc-openapi is: 177 ms
[16:29:23.349][INFO ][com.zaxxer.hikari.HikariDataSource.getConnection:line110] - HikariPool-1 - Starting...
[16:29:23.531][INFO ][com.zaxxer.hikari.pool.HikariPool.checkFailFast:line565] - HikariPool-1 - Added connection net.sf.log4jdbc.sql.jdbcapi.ConnectionSpy@66c2bdf2
[16:29:23.534][INFO ][com.zaxxer.hikari.HikariDataSource.getConnection:line123] - HikariPool-1 - Start completed.
[16:29:23.652][INFO ][jdbc.sqltiming.sqlTimingOccurred:line373] - SELECT
            CC_EMP.EMP_EMAIL,
            CC_EMP.EMP_PW,
            CC_CODE.CODE_NAME AS ROLE
        FROM
            CC_EMP
                INNER JOIN
            CC_CODE
            ON
                CC_EMP.ROLE_ID = CC_CODE.CODE_NO
        WHERE
            EMP_RETIRE_DT IS NULL
          AND
            EMP_ACCOUNT_STATUS = 'Y'
          AND
            EMP_EMAIL = '1'
 {executed in 30 msec}
[16:29:23.660][INFO ][jdbc.resultsettable.resultSetCollected:line610] - 
|----------|-------|----------|
|emp_email |emp_pw |code_name |
|----------|-------|----------|
|1         |1      |ROLE_CEO  |
|----------|-------|----------|

[16:29:23.664][INFO ][rise.cc.service.EmpServiceImpl.loginProc:line29] - 로그인 프로세스 성공
[16:29:38.947][INFO ][jdbc.sqltiming.sqlTimingOccurred:line373] - SELECT
            CC_EMP.EMP_EMAIL,
            CC_EMP.EMP_PW,
            CC_CODE.CODE_NAME AS ROLE
        FROM
            CC_EMP
                INNER JOIN
            CC_CODE
            ON
                CC_EMP.ROLE_ID = CC_CODE.CODE_NO
        WHERE
            EMP_RETIRE_DT IS NULL
          AND
            EMP_ACCOUNT_STATUS = 'Y'
          AND
            EMP_EMAIL = '1'
 {executed in 14 msec}
[16:29:38.951][INFO ][jdbc.resultsettable.resultSetCollected:line610] - 
|----------|-------|----------|
|emp_email |emp_pw |code_name |
|----------|-------|----------|
|1         |1      |ROLE_CEO  |
|----------|-------|----------|

[16:29:38.951][INFO ][rise.cc.service.EmpServiceImpl.loginProc:line29] - 로그인 프로세스 성공
[16:30:03.257][INFO ][com.zaxxer.hikari.HikariDataSource.close:line350] - HikariPool-1 - Shutdown initiated...
[16:30:03.290][INFO ][com.zaxxer.hikari.HikariDataSource.close:line352] - HikariPool-1 - Shutdown completed.
[16:30:05.611][INFO ][rise.cc.ChuckChuckServerApplication.logStarting:line50] - Starting ChuckChuckServerApplication using Java 17.0.8 with PID 69549 (/Users/leeroa/Desktop/DEV/study/ChuckChuck-Server/build/classes/java/main started by leeroa in /Users/leeroa/Desktop/DEV/study/ChuckChuck-Server)
[16:30:05.612][INFO ][rise.cc.ChuckChuckServerApplication.logStartupProfileInfo:line654] - No active profile set, falling back to 1 default profile: "default"
[16:30:06.218][INFO ][org.springframework.boot.web.embedded.tomcat.TomcatWebServer.initialize:line109] - Tomcat initialized with port 28444 (https)
[16:30:06.233][INFO ][org.apache.catalina.core.StandardService.log:line173] - Starting service [Tomcat]
[16:30:06.234][INFO ][org.apache.catalina.core.StandardEngine.log:line173] - Starting Servlet engine: [Apache Tomcat/10.1.20]
[16:30:06.277][INFO ][org.apache.catalina.core.ContainerBase.[Tomcat].[localhost].[/].log:line173] - Initializing Spring embedded WebApplicationContext
[16:30:06.277][INFO ][org.springframework.boot.web.servlet.context.ServletWebServerApplicationContext.prepareWebApplicationContext:line296] - Root WebApplicationContext: initialization completed in 642 ms
[16:30:06.942][INFO ][org.apache.tomcat.util.net.NioEndpoint.certificate.log:line173] - Connector [https-jsse-nio-28444], TLS virtual host [_default_], certificate type [UNDEFINED] configured from keystore [/Users/leeroa/.keystore] using alias [tomcat] with trust store [null]
[16:30:06.953][INFO ][org.springframework.boot.web.embedded.tomcat.TomcatWebServer.start:line241] - Tomcat started on port 28444 (https) with context path ''
[16:30:06.959][INFO ][rise.cc.ChuckChuckServerApplication.logStarted:line56] - Started ChuckChuckServerApplication in 1.535 seconds (process running for 1.939)
[16:30:29.254][INFO ][org.apache.catalina.core.ContainerBase.[Tomcat].[localhost].[/].log:line173] - Initializing Spring DispatcherServlet 'dispatcherServlet'
[16:30:29.255][INFO ][org.springframework.web.servlet.DispatcherServlet.initServletBean:line532] - Initializing Servlet 'dispatcherServlet'
[16:30:29.257][INFO ][org.springframework.web.servlet.DispatcherServlet.initServletBean:line554] - Completed initialization in 2 ms
[16:30:29.578][INFO ][org.springdoc.api.AbstractOpenApiResource.getOpenApi:line387] - Init duration for springdoc-openapi is: 135 ms
[16:30:47.408][INFO ][rise.cc.ChuckChuckServerApplication.logStarting:line50] - Starting ChuckChuckServerApplication using Java 17.0.8 with PID 69570 (/Users/leeroa/Desktop/DEV/study/ChuckChuck-Server/build/classes/java/main started by leeroa in /Users/leeroa/Desktop/DEV/study/ChuckChuck-Server)
[16:30:47.412][INFO ][rise.cc.ChuckChuckServerApplication.logStartupProfileInfo:line654] - No active profile set, falling back to 1 default profile: "default"
[16:30:47.955][INFO ][org.springframework.boot.web.embedded.tomcat.TomcatWebServer.initialize:line109] - Tomcat initialized with port 28444 (https)
[16:30:47.962][INFO ][org.apache.catalina.core.StandardService.log:line173] - Starting service [Tomcat]
[16:30:47.962][INFO ][org.apache.catalina.core.StandardEngine.log:line173] - Starting Servlet engine: [Apache Tomcat/10.1.20]
[16:30:47.989][INFO ][org.apache.catalina.core.ContainerBase.[Tomcat].[localhost].[/].log:line173] - Initializing Spring embedded WebApplicationContext
[16:30:47.990][INFO ][org.springframework.boot.web.servlet.context.ServletWebServerApplicationContext.prepareWebApplicationContext:line296] - Root WebApplicationContext: initialization completed in 557 ms
[16:30:48.541][INFO ][org.apache.tomcat.util.net.NioEndpoint.certificate.log:line173] - Connector [https-jsse-nio-28444], TLS virtual host [_default_], certificate type [UNDEFINED] configured from keystore [/Users/leeroa/.keystore] using alias [tomcat] with trust store [null]
[16:30:48.551][INFO ][org.springframework.boot.web.embedded.tomcat.TomcatWebServer.start:line241] - Tomcat started on port 28444 (https) with context path ''
[16:30:48.557][INFO ][rise.cc.ChuckChuckServerApplication.logStarted:line56] - Started ChuckChuckServerApplication in 1.32 seconds (process running for 1.569)
[16:31:37.114][INFO ][org.apache.catalina.core.ContainerBase.[Tomcat].[localhost].[/].log:line173] - Initializing Spring DispatcherServlet 'dispatcherServlet'
[16:31:37.115][INFO ][org.springframework.web.servlet.DispatcherServlet.initServletBean:line532] - Initializing Servlet 'dispatcherServlet'
[16:31:37.117][INFO ][org.springframework.web.servlet.DispatcherServlet.initServletBean:line554] - Completed initialization in 2 ms
[16:31:37.385][INFO ][org.springdoc.api.AbstractOpenApiResource.getOpenApi:line387] - Init duration for springdoc-openapi is: 118 ms
[16:32:17.949][INFO ][com.zaxxer.hikari.HikariDataSource.getConnection:line110] - HikariPool-1 - Starting...
[16:32:18.061][INFO ][com.zaxxer.hikari.pool.HikariPool.checkFailFast:line565] - HikariPool-1 - Added connection net.sf.log4jdbc.sql.jdbcapi.ConnectionSpy@5c619a28
[16:32:18.062][INFO ][com.zaxxer.hikari.HikariDataSource.getConnection:line123] - HikariPool-1 - Start completed.
[16:32:18.110][INFO ][jdbc.sqltiming.sqlTimingOccurred:line373] - SELECT
            CC_EMP.EMP_EMAIL,
            CC_EMP.EMP_PW,
            CC_CODE.CODE_NAME AS ROLE
        FROM
            CC_EMP
                INNER JOIN
            CC_CODE
            ON
                CC_EMP.ROLE_ID = CC_CODE.CODE_NO
        WHERE
            EMP_RETIRE_DT IS NULL
          AND
            EMP_ACCOUNT_STATUS = 'Y'
          AND
            EMP_EMAIL = '1'
 {executed in 12 msec}
[16:32:18.117][INFO ][jdbc.resultsettable.resultSetCollected:line610] - 
|----------|-------|----------|
|emp_email |emp_pw |code_name |
|----------|-------|----------|
|1         |1      |ROLE_CEO  |
|----------|-------|----------|

[16:32:18.120][INFO ][rise.cc.service.EmpServiceImpl.loginProc:line29] - 로그인 프로세스 성공
[16:33:31.170][INFO ][jdbc.sqltiming.sqlTimingOccurred:line373] - SELECT
            CC_EMP.EMP_EMAIL,
            CC_EMP.EMP_PW,
            CC_CODE.CODE_NAME AS ROLE
        FROM
            CC_EMP
                INNER JOIN
            CC_CODE
            ON
                CC_EMP.ROLE_ID = CC_CODE.CODE_NO
        WHERE
            EMP_RETIRE_DT IS NULL
          AND
            EMP_ACCOUNT_STATUS = 'Y'
          AND
            EMP_EMAIL = '1'
 {executed in 26 msec}
[16:33:31.177][INFO ][jdbc.resultsettable.resultSetCollected:line610] - 
|----------|-------|----------|
|emp_email |emp_pw |code_name |
|----------|-------|----------|
|1         |1      |ROLE_CEO  |
|----------|-------|----------|

[16:33:31.178][INFO ][rise.cc.service.EmpServiceImpl.loginProc:line29] - 로그인 프로세스 성공
[16:35:11.655][INFO ][jdbc.sqltiming.sqlTimingOccurred:line373] - SELECT
            CC_EMP.EMP_EMAIL,
            CC_EMP.EMP_PW,
            CC_CODE.CODE_NAME AS ROLE
        FROM
            CC_EMP
                INNER JOIN
            CC_CODE
            ON
                CC_EMP.ROLE_ID = CC_CODE.CODE_NO
        WHERE
            EMP_RETIRE_DT IS NULL
          AND
            EMP_ACCOUNT_STATUS = 'Y'
          AND
            EMP_EMAIL = '2'
 {executed in 30 msec}
[16:35:11.659][INFO ][jdbc.resultsettable.resultSetCollected:line610] - 
|----------|-------|-----------|
|emp_email |emp_pw |code_name  |
|----------|-------|-----------|
|2         |2      |ROLE_ADMIN |
|----------|-------|-----------|

[16:35:11.660][INFO ][rise.cc.service.EmpServiceImpl.loginProc:line29] - 로그인 프로세스 성공
[16:36:29.667][INFO ][jdbc.sqltiming.sqlTimingOccurred:line373] - SELECT
            CC_EMP.EMP_EMAIL,
            CC_EMP.EMP_PW,
            CC_CODE.CODE_NAME AS ROLE
        FROM
            CC_EMP
                INNER JOIN
            CC_CODE
            ON
                CC_EMP.ROLE_ID = CC_CODE.CODE_NO
        WHERE
            EMP_RETIRE_DT IS NULL
          AND
            EMP_ACCOUNT_STATUS = 'Y'
          AND
            EMP_EMAIL = '2'
 {executed in 13 msec}
[16:36:29.671][INFO ][jdbc.resultsettable.resultSetCollected:line610] - 
|----------|-------|-----------|
|emp_email |emp_pw |code_name  |
|----------|-------|-----------|
|2         |2      |ROLE_ADMIN |
|----------|-------|-----------|

[16:36:29.672][INFO ][rise.cc.service.EmpServiceImpl.loginProc:line29] - 로그인 프로세스 성공
[16:38:10.212][INFO ][jdbc.sqltiming.sqlTimingOccurred:line373] - SELECT
            CC_EMP.EMP_EMAIL,
            CC_EMP.EMP_PW,
            CC_CODE.CODE_NAME AS ROLE
        FROM
            CC_EMP
                INNER JOIN
            CC_CODE
            ON
                CC_EMP.ROLE_ID = CC_CODE.CODE_NO
        WHERE
            EMP_RETIRE_DT IS NULL
          AND
            EMP_ACCOUNT_STATUS = 'Y'
          AND
            EMP_EMAIL = '2'
 {executed in 88 msec}
[16:38:10.217][INFO ][jdbc.resultsettable.resultSetCollected:line610] - 
|----------|-------|-----------|
|emp_email |emp_pw |code_name  |
|----------|-------|-----------|
|2         |2      |ROLE_ADMIN |
|----------|-------|-----------|

[16:38:10.217][INFO ][rise.cc.service.EmpServiceImpl.loginProc:line29] - 로그인 프로세스 성공
[16:38:27.598][INFO ][jdbc.sqltiming.sqlTimingOccurred:line373] - SELECT
            CC_EMP.EMP_EMAIL,
            CC_EMP.EMP_PW,
            CC_CODE.CODE_NAME AS ROLE
        FROM
            CC_EMP
                INNER JOIN
            CC_CODE
            ON
                CC_EMP.ROLE_ID = CC_CODE.CODE_NO
        WHERE
            EMP_RETIRE_DT IS NULL
          AND
            EMP_ACCOUNT_STATUS = 'Y'
          AND
            EMP_EMAIL = '2'
 {executed in 11 msec}
[16:38:27.603][INFO ][jdbc.resultsettable.resultSetCollected:line610] - 
|----------|-------|-----------|
|emp_email |emp_pw |code_name  |
|----------|-------|-----------|
|2         |2      |ROLE_ADMIN |
|----------|-------|-----------|

[16:38:27.607][INFO ][rise.cc.service.EmpServiceImpl.loginProc:line29] - 로그인 프로세스 성공
[16:41:49.421][INFO ][jdbc.sqltiming.sqlTimingOccurred:line373] - SELECT
            CC_EMP.EMP_EMAIL,
            CC_EMP.EMP_PW,
            CC_CODE.CODE_NAME AS ROLE
        FROM
            CC_EMP
                INNER JOIN
            CC_CODE
            ON
                CC_EMP.ROLE_ID = CC_CODE.CODE_NO
        WHERE
            EMP_RETIRE_DT IS NULL
          AND
            EMP_ACCOUNT_STATUS = 'Y'
          AND
            EMP_EMAIL = '2'
 {executed in 20 msec}
[16:41:49.426][INFO ][jdbc.resultsettable.resultSetCollected:line610] - 
|----------|-------|-----------|
|emp_email |emp_pw |code_name  |
|----------|-------|-----------|
|2         |2      |ROLE_ADMIN |
|----------|-------|-----------|

[16:41:49.427][INFO ][rise.cc.service.EmpServiceImpl.loginProc:line29] - 로그인 프로세스 성공
[16:42:30.029][INFO ][jdbc.sqltiming.sqlTimingOccurred:line373] - SELECT
            CC_EMP.EMP_EMAIL,
            CC_EMP.EMP_PW,
            CC_CODE.CODE_NAME AS ROLE
        FROM
            CC_EMP
                INNER JOIN
            CC_CODE
            ON
                CC_EMP.ROLE_ID = CC_CODE.CODE_NO
        WHERE
            EMP_RETIRE_DT IS NULL
          AND
            EMP_ACCOUNT_STATUS = 'Y'
          AND
            EMP_EMAIL = '3'
 {executed in 18 msec}
[16:42:30.033][INFO ][jdbc.resultsettable.resultSetCollected:line610] - 
|----------|-------|----------|
|emp_email |emp_pw |code_name |
|----------|-------|----------|
|3         |3      |ROLE_EMP  |
|----------|-------|----------|

[16:42:30.034][INFO ][rise.cc.service.EmpServiceImpl.loginProc:line29] - 로그인 프로세스 성공
[16:42:45.659][INFO ][jdbc.sqltiming.sqlTimingOccurred:line373] - SELECT
            CC_EMP.EMP_EMAIL,
            CC_EMP.EMP_PW,
            CC_CODE.CODE_NAME AS ROLE
        FROM
            CC_EMP
                INNER JOIN
            CC_CODE
            ON
                CC_EMP.ROLE_ID = CC_CODE.CODE_NO
        WHERE
            EMP_RETIRE_DT IS NULL
          AND
            EMP_ACCOUNT_STATUS = 'Y'
          AND
            EMP_EMAIL = '4'
 {executed in 25 msec}
[16:42:45.668][INFO ][jdbc.resultsettable.resultSetCollected:line610] - 
|----------|-------|----------|
|emp_email |emp_pw |code_name |
|----------|-------|----------|
|4         |4      |ROLE_USER |
|----------|-------|----------|

[16:42:45.669][INFO ][rise.cc.service.EmpServiceImpl.loginProc:line29] - 로그인 프로세스 성공
[16:42:59.589][INFO ][com.zaxxer.hikari.HikariDataSource.close:line350] - HikariPool-1 - Shutdown initiated...
[16:42:59.623][INFO ][com.zaxxer.hikari.HikariDataSource.close:line352] - HikariPool-1 - Shutdown completed.
[16:43:02.021][INFO ][rise.cc.ChuckChuckServerApplication.logStarting:line50] - Starting ChuckChuckServerApplication using Java 17.0.8 with PID 69818 (/Users/leeroa/Desktop/DEV/study/ChuckChuck-Server/build/classes/java/main started by leeroa in /Users/leeroa/Desktop/DEV/study/ChuckChuck-Server)
[16:43:02.023][INFO ][rise.cc.ChuckChuckServerApplication.logStartupProfileInfo:line654] - No active profile set, falling back to 1 default profile: "default"
[16:43:02.947][INFO ][org.springframework.boot.web.embedded.tomcat.TomcatWebServer.initialize:line109] - Tomcat initialized with port 28444 (https)
[16:43:02.956][INFO ][org.apache.catalina.core.StandardService.log:line173] - Starting service [Tomcat]
[16:43:02.956][INFO ][org.apache.catalina.core.StandardEngine.log:line173] - Starting Servlet engine: [Apache Tomcat/10.1.20]
[16:43:02.986][INFO ][org.apache.catalina.core.ContainerBase.[Tomcat].[localhost].[/].log:line173] - Initializing Spring embedded WebApplicationContext
[16:43:02.986][INFO ][org.springframework.boot.web.servlet.context.ServletWebServerApplicationContext.prepareWebApplicationContext:line296] - Root WebApplicationContext: initialization completed in 934 ms
[16:43:03.616][INFO ][org.apache.tomcat.util.net.NioEndpoint.certificate.log:line173] - Connector [https-jsse-nio-28444], TLS virtual host [_default_], certificate type [UNDEFINED] configured from keystore [/Users/leeroa/.keystore] using alias [tomcat] with trust store [null]
[16:43:03.622][INFO ][org.springframework.boot.web.embedded.tomcat.TomcatWebServer.start:line241] - Tomcat started on port 28444 (https) with context path ''
[16:43:03.628][INFO ][rise.cc.ChuckChuckServerApplication.logStarted:line56] - Started ChuckChuckServerApplication in 1.909 seconds (process running for 2.408)
[16:43:14.455][INFO ][org.apache.catalina.core.ContainerBase.[Tomcat].[localhost].[/].log:line173] - Initializing Spring DispatcherServlet 'dispatcherServlet'
[16:43:14.455][INFO ][org.springframework.web.servlet.DispatcherServlet.initServletBean:line532] - Initializing Servlet 'dispatcherServlet'
[16:43:14.460][INFO ][org.springframework.web.servlet.DispatcherServlet.initServletBean:line554] - Completed initialization in 5 ms
[16:43:14.825][INFO ][org.springdoc.api.AbstractOpenApiResource.getOpenApi:line387] - Init duration for springdoc-openapi is: 118 ms
[16:43:39.997][INFO ][com.zaxxer.hikari.HikariDataSource.getConnection:line110] - HikariPool-1 - Starting...
[16:43:40.408][INFO ][com.zaxxer.hikari.pool.HikariPool.checkFailFast:line565] - HikariPool-1 - Added connection net.sf.log4jdbc.sql.jdbcapi.ConnectionSpy@4fdd9479
[16:43:40.410][INFO ][com.zaxxer.hikari.HikariDataSource.getConnection:line123] - HikariPool-1 - Start completed.
[16:43:40.483][INFO ][jdbc.sqltiming.sqlTimingOccurred:line373] - SELECT
            CC_EMP.EMP_EMAIL,
            CC_EMP.EMP_PW,
            CC_CODE.CODE_NAME AS ROLE
        FROM
            CC_EMP
                INNER JOIN
            CC_CODE
            ON
                CC_EMP.ROLE_ID = CC_CODE.CODE_NO
        WHERE
            EMP_RETIRE_DT IS NULL
          AND
            EMP_ACCOUNT_STATUS = 'Y'
          AND
            EMP_EMAIL = '4'
 {executed in 15 msec}
[16:43:40.489][INFO ][jdbc.resultsettable.resultSetCollected:line610] - 
|----------|-------|----------|
|emp_email |emp_pw |code_name |
|----------|-------|----------|
|4         |4      |ROLE_USER |
|----------|-------|----------|

[16:43:40.493][INFO ][rise.cc.service.EmpServiceImpl.loginProc:line29] - 로그인 프로세스 성공
[16:45:03.862][ERROR][org.apache.catalina.core.ContainerBase.[Tomcat].[localhost].[/].[dispatcherServlet].log:line175] - Servlet.service() for servlet [dispatcherServlet] in context with path [] threw exception [Request processing failed: org.mybatis.spring.MyBatisSystemException] with root cause
org.apache.ibatis.reflection.ReflectionException: There is no getter for property named 'roleId' in 'class rise.cc.dto.Employees'
	at org.apache.ibatis.reflection.Reflector.getGetInvoker(Reflector.java:385)
	at org.apache.ibatis.reflection.MetaClass.getGetInvoker(MetaClass.java:160)
	at org.apache.ibatis.reflection.wrapper.BeanWrapper.getBeanProperty(BeanWrapper.java:153)
	at org.apache.ibatis.reflection.wrapper.BeanWrapper.get(BeanWrapper.java:49)
	at org.apache.ibatis.reflection.MetaObject.getValue(MetaObject.java:116)
	at org.apache.ibatis.scripting.defaults.DefaultParameterHandler.setParameters(DefaultParameterHandler.java:82)
	at org.apache.ibatis.executor.statement.PreparedStatementHandler.parameterize(PreparedStatementHandler.java:97)
	at org.apache.ibatis.executor.statement.RoutingStatementHandler.parameterize(RoutingStatementHandler.java:65)
	at org.apache.ibatis.executor.SimpleExecutor.prepareStatement(SimpleExecutor.java:91)
	at org.apache.ibatis.executor.SimpleExecutor.doUpdate(SimpleExecutor.java:49)
	at org.apache.ibatis.executor.BaseExecutor.update(BaseExecutor.java:117)
	at org.apache.ibatis.executor.CachingExecutor.update(CachingExecutor.java:76)
	at org.apache.ibatis.session.defaults.DefaultSqlSession.update(DefaultSqlSession.java:197)
	at org.apache.ibatis.session.defaults.DefaultSqlSession.insert(DefaultSqlSession.java:184)
	at java.base/jdk.internal.reflect.NativeMethodAccessorImpl.invoke0(Native Method)
	at java.base/jdk.internal.reflect.NativeMethodAccessorImpl.invoke(NativeMethodAccessorImpl.java:77)
	at java.base/jdk.internal.reflect.DelegatingMethodAccessorImpl.invoke(DelegatingMethodAccessorImpl.java:43)
	at java.base/java.lang.reflect.Method.invoke(Method.java:568)
	at org.mybatis.spring.SqlSessionTemplate$SqlSessionInterceptor.invoke(SqlSessionTemplate.java:425)
	at jdk.proxy2/jdk.proxy2.$Proxy68.insert(Unknown Source)
	at org.mybatis.spring.SqlSessionTemplate.insert(SqlSessionTemplate.java:272)
	at org.apache.ibatis.binding.MapperMethod.execute(MapperMethod.java:62)
	at org.apache.ibatis.binding.MapperProxy$PlainMethodInvoker.invoke(MapperProxy.java:141)
	at org.apache.ibatis.binding.MapperProxy.invoke(MapperProxy.java:86)
	at jdk.proxy2/jdk.proxy2.$Proxy69.createEmp(Unknown Source)
	at rise.cc.service.EmpServiceImpl.createEmp(EmpServiceImpl.java:53)
	at java.base/jdk.internal.reflect.NativeMethodAccessorImpl.invoke0(Native Method)
	at java.base/jdk.internal.reflect.NativeMethodAccessorImpl.invoke(NativeMethodAccessorImpl.java:77)
	at java.base/jdk.internal.reflect.DelegatingMethodAccessorImpl.invoke(DelegatingMethodAccessorImpl.java:43)
	at java.base/java.lang.reflect.Method.invoke(Method.java:568)
	at org.springframework.aop.support.AopUtils.invokeJoinpointUsingReflection(AopUtils.java:354)
	at org.springframework.aop.framework.CglibAopProxy$DynamicAdvisedInterceptor.intercept(CglibAopProxy.java:716)
	at rise.cc.service.EmpServiceImpl$$SpringCGLIB$$0.createEmp(<generated>)
	at rise.cc.controller.EmpController.createEmp(EmpController.java:71)
	at java.base/jdk.internal.reflect.NativeMethodAccessorImpl.invoke0(Native Method)
	at java.base/jdk.internal.reflect.NativeMethodAccessorImpl.invoke(NativeMethodAccessorImpl.java:77)
	at java.base/jdk.internal.reflect.DelegatingMethodAccessorImpl.invoke(DelegatingMethodAccessorImpl.java:43)
	at java.base/java.lang.reflect.Method.invoke(Method.java:568)
	at org.springframework.web.method.support.InvocableHandlerMethod.doInvoke(InvocableHandlerMethod.java:255)
	at org.springframework.web.method.support.InvocableHandlerMethod.invokeForRequest(InvocableHandlerMethod.java:188)
	at org.springframework.web.servlet.mvc.method.annotation.ServletInvocableHandlerMethod.invokeAndHandle(ServletInvocableHandlerMethod.java:118)
	at org.springframework.web.servlet.mvc.method.annotation.RequestMappingHandlerAdapter.invokeHandlerMethod(RequestMappingHandlerAdapter.java:926)
	at org.springframework.web.servlet.mvc.method.annotation.RequestMappingHandlerAdapter.handleInternal(RequestMappingHandlerAdapter.java:831)
	at org.springframework.web.servlet.mvc.method.AbstractHandlerMethodAdapter.handle(AbstractHandlerMethodAdapter.java:87)
	at org.springframework.web.servlet.DispatcherServlet.doDispatch(DispatcherServlet.java:1089)
	at org.springframework.web.servlet.DispatcherServlet.doService(DispatcherServlet.java:979)
	at org.springframework.web.servlet.FrameworkServlet.processRequest(FrameworkServlet.java:1014)
	at org.springframework.web.servlet.FrameworkServlet.doPost(FrameworkServlet.java:914)
	at jakarta.servlet.http.HttpServlet.service(HttpServlet.java:590)
	at org.springframework.web.servlet.FrameworkServlet.service(FrameworkServlet.java:885)
	at jakarta.servlet.http.HttpServlet.service(HttpServlet.java:658)
	at org.apache.catalina.core.ApplicationFilterChain.internalDoFilter(ApplicationFilterChain.java:206)
	at org.apache.catalina.core.ApplicationFilterChain.doFilter(ApplicationFilterChain.java:150)
	at org.apache.tomcat.websocket.server.WsFilter.doFilter(WsFilter.java:51)
	at org.apache.catalina.core.ApplicationFilterChain.internalDoFilter(ApplicationFilterChain.java:175)
	at org.apache.catalina.core.ApplicationFilterChain.doFilter(ApplicationFilterChain.java:150)
	at org.springframework.web.filter.RequestContextFilter.doFilterInternal(RequestContextFilter.java:100)
	at org.springframework.web.filter.OncePerRequestFilter.doFilter(OncePerRequestFilter.java:116)
	at org.apache.catalina.core.ApplicationFilterChain.internalDoFilter(ApplicationFilterChain.java:175)
	at org.apache.catalina.core.ApplicationFilterChain.doFilter(ApplicationFilterChain.java:150)
	at org.springframework.web.filter.FormContentFilter.doFilterInternal(FormContentFilter.java:93)
	at org.springframework.web.filter.OncePerRequestFilter.doFilter(OncePerRequestFilter.java:116)
	at org.apache.catalina.core.ApplicationFilterChain.internalDoFilter(ApplicationFilterChain.java:175)
	at org.apache.catalina.core.ApplicationFilterChain.doFilter(ApplicationFilterChain.java:150)
	at org.springframework.web.filter.CharacterEncodingFilter.doFilterInternal(CharacterEncodingFilter.java:201)
	at org.springframework.web.filter.OncePerRequestFilter.doFilter(OncePerRequestFilter.java:116)
	at org.apache.catalina.core.ApplicationFilterChain.internalDoFilter(ApplicationFilterChain.java:175)
	at org.apache.catalina.core.ApplicationFilterChain.doFilter(ApplicationFilterChain.java:150)
	at org.apache.catalina.core.StandardWrapperValve.invoke(StandardWrapperValve.java:167)
	at org.apache.catalina.core.StandardContextValve.invoke(StandardContextValve.java:90)
	at org.apache.catalina.authenticator.AuthenticatorBase.invoke(AuthenticatorBase.java:482)
	at org.apache.catalina.core.StandardHostValve.invoke(StandardHostValve.java:115)
	at org.apache.catalina.valves.ErrorReportValve.invoke(ErrorReportValve.java:93)
	at org.apache.catalina.core.StandardEngineValve.invoke(StandardEngineValve.java:74)
	at org.apache.catalina.connector.CoyoteAdapter.service(CoyoteAdapter.java:344)
	at org.apache.coyote.http11.Http11Processor.service(Http11Processor.java:391)
	at org.apache.coyote.AbstractProcessorLight.process(AbstractProcessorLight.java:63)
	at org.apache.coyote.AbstractProtocol$ConnectionHandler.process(AbstractProtocol.java:896)
	at org.apache.tomcat.util.net.NioEndpoint$SocketProcessor.doRun(NioEndpoint.java:1736)
	at org.apache.tomcat.util.net.SocketProcessorBase.run(SocketProcessorBase.java:52)
	at org.apache.tomcat.util.threads.ThreadPoolExecutor.runWorker(ThreadPoolExecutor.java:1191)
	at org.apache.tomcat.util.threads.ThreadPoolExecutor$Worker.run(ThreadPoolExecutor.java:659)
	at org.apache.tomcat.util.threads.TaskThread$WrappingRunnable.run(TaskThread.java:63)
	at java.base/java.lang.Thread.run(Thread.java:833)
[16:45:59.798][INFO ][com.zaxxer.hikari.HikariDataSource.close:line350] - HikariPool-1 - Shutdown initiated...
[16:45:59.833][INFO ][com.zaxxer.hikari.HikariDataSource.close:line352] - HikariPool-1 - Shutdown completed.
[16:46:01.870][INFO ][rise.cc.ChuckChuckServerApplication.logStarting:line50] - Starting ChuckChuckServerApplication using Java 17.0.8 with PID 69888 (/Users/leeroa/Desktop/DEV/study/ChuckChuck-Server/build/classes/java/main started by leeroa in /Users/leeroa/Desktop/DEV/study/ChuckChuck-Server)
[16:46:01.871][INFO ][rise.cc.ChuckChuckServerApplication.logStartupProfileInfo:line654] - No active profile set, falling back to 1 default profile: "default"
[16:46:02.446][INFO ][org.springframework.boot.web.embedded.tomcat.TomcatWebServer.initialize:line109] - Tomcat initialized with port 28444 (https)
[16:46:02.455][INFO ][org.apache.catalina.core.StandardService.log:line173] - Starting service [Tomcat]
[16:46:02.455][INFO ][org.apache.catalina.core.StandardEngine.log:line173] - Starting Servlet engine: [Apache Tomcat/10.1.20]
[16:46:02.482][INFO ][org.apache.catalina.core.ContainerBase.[Tomcat].[localhost].[/].log:line173] - Initializing Spring embedded WebApplicationContext
[16:46:02.482][INFO ][org.springframework.boot.web.servlet.context.ServletWebServerApplicationContext.prepareWebApplicationContext:line296] - Root WebApplicationContext: initialization completed in 590 ms
[16:46:03.079][INFO ][org.apache.tomcat.util.net.NioEndpoint.certificate.log:line173] - Connector [https-jsse-nio-28444], TLS virtual host [_default_], certificate type [UNDEFINED] configured from keystore [/Users/leeroa/.keystore] using alias [tomcat] with trust store [null]
[16:46:03.086][INFO ][org.springframework.boot.web.embedded.tomcat.TomcatWebServer.start:line241] - Tomcat started on port 28444 (https) with context path ''
[16:46:03.092][INFO ][rise.cc.ChuckChuckServerApplication.logStarted:line56] - Started ChuckChuckServerApplication in 1.419 seconds (process running for 1.826)
[16:46:19.098][INFO ][org.apache.catalina.core.ContainerBase.[Tomcat].[localhost].[/].log:line173] - Initializing Spring DispatcherServlet 'dispatcherServlet'
[16:46:19.098][INFO ][org.springframework.web.servlet.DispatcherServlet.initServletBean:line532] - Initializing Servlet 'dispatcherServlet'
[16:46:19.100][INFO ][org.springframework.web.servlet.DispatcherServlet.initServletBean:line554] - Completed initialization in 2 ms
[16:46:19.439][INFO ][org.springdoc.api.AbstractOpenApiResource.getOpenApi:line387] - Init duration for springdoc-openapi is: 172 ms
[16:46:53.905][WARN ][org.springframework.web.servlet.mvc.support.DefaultHandlerExceptionResolver.logException:line247] - Resolved [org.springframework.http.converter.HttpMessageNotReadableException: JSON parse error: Unexpected character ('}' (code 125)): was expecting double-quote to start field name]
[16:47:13.741][INFO ][com.zaxxer.hikari.HikariDataSource.getConnection:line110] - HikariPool-1 - Starting...
[16:47:14.045][INFO ][com.zaxxer.hikari.pool.HikariPool.checkFailFast:line565] - HikariPool-1 - Added connection net.sf.log4jdbc.sql.jdbcapi.ConnectionSpy@613f30fb
[16:47:14.046][INFO ][com.zaxxer.hikari.HikariDataSource.getConnection:line123] - HikariPool-1 - Start completed.
[16:47:14.105][INFO ][jdbc.sqltiming.sqlTimingOccurred:line373] - INSERT INTO
            CC_EMP (
                EMP_EMAIL,
                EMP_PHONENUM,
                EMP_PW,
                EMP_BIRTH,
                ROLE_ID
        )
        VALUES
            (
                '0',
                '010-1234-1234',
                '0',
                '12/21/2024 16:46:23.224',
                '4'
        )
 {executed in 51 msec}
[17:05:59.736][INFO ][rise.cc.ChuckChuckServerApplication.logStarting:line50] - Starting ChuckChuckServerApplication using Java 17.0.8 with PID 70621 (/Users/leeroa/Desktop/DEV/study/ChuckChuck-Server/build/classes/java/main started by leeroa in /Users/leeroa/Desktop/DEV/study/ChuckChuck-Server)
[17:05:59.738][INFO ][rise.cc.ChuckChuckServerApplication.logStartupProfileInfo:line654] - No active profile set, falling back to 1 default profile: "default"
[17:06:00.507][INFO ][org.springframework.boot.web.embedded.tomcat.TomcatWebServer.initialize:line109] - Tomcat initialized with port 28444 (https)
[17:06:00.517][INFO ][org.apache.catalina.core.StandardService.log:line173] - Starting service [Tomcat]
[17:06:00.517][INFO ][org.apache.catalina.core.StandardEngine.log:line173] - Starting Servlet engine: [Apache Tomcat/10.1.20]
[17:06:00.547][INFO ][org.apache.catalina.core.ContainerBase.[Tomcat].[localhost].[/].log:line173] - Initializing Spring embedded WebApplicationContext
[17:06:00.547][INFO ][org.springframework.boot.web.servlet.context.ServletWebServerApplicationContext.prepareWebApplicationContext:line296] - Root WebApplicationContext: initialization completed in 783 ms
[17:06:01.245][WARN ][org.springframework.boot.web.servlet.context.AnnotationConfigServletWebServerApplicationContext.refresh:line632] - Exception encountered during context initialization - cancelling refresh attempt: org.springframework.context.ApplicationContextException: Failed to start bean 'webServerStartStop'
[17:06:01.259][INFO ][org.springframework.boot.autoconfigure.logging.ConditionEvaluationReportLogger.logMessage:line82] - 

Error starting ApplicationContext. To display the condition evaluation report re-run your application with 'debug' enabled.
[17:06:01.271][ERROR][org.springframework.boot.diagnostics.LoggingFailureAnalysisReporter.report:line40] - 

***************************
APPLICATION FAILED TO START
***************************

Description:

Web server failed to start. Port 28444 was already in use.

Action:

Identify and stop the process that's listening on port 28444 or configure this application to listen on another port.

[17:07:25.007][INFO ][rise.cc.ChuckChuckServerApplication.logStarting:line50] - Starting ChuckChuckServerApplication using Java 17.0.8 with PID 70656 (/Users/leeroa/Desktop/DEV/study/ChuckChuck-Server/build/classes/java/main started by leeroa in /Users/leeroa/Desktop/DEV/study/ChuckChuck-Server)
[17:07:25.009][INFO ][rise.cc.ChuckChuckServerApplication.logStartupProfileInfo:line654] - No active profile set, falling back to 1 default profile: "default"
[17:07:25.674][INFO ][org.springframework.boot.web.embedded.tomcat.TomcatWebServer.initialize:line109] - Tomcat initialized with port 28444 (https)
[17:07:25.686][INFO ][org.apache.catalina.core.StandardService.log:line173] - Starting service [Tomcat]
[17:07:25.687][INFO ][org.apache.catalina.core.StandardEngine.log:line173] - Starting Servlet engine: [Apache Tomcat/10.1.20]
[17:07:25.715][INFO ][org.apache.catalina.core.ContainerBase.[Tomcat].[localhost].[/].log:line173] - Initializing Spring embedded WebApplicationContext
[17:07:25.715][INFO ][org.springframework.boot.web.servlet.context.ServletWebServerApplicationContext.prepareWebApplicationContext:line296] - Root WebApplicationContext: initialization completed in 685 ms
[17:07:26.360][WARN ][org.springframework.boot.web.servlet.context.AnnotationConfigServletWebServerApplicationContext.refresh:line632] - Exception encountered during context initialization - cancelling refresh attempt: org.springframework.context.ApplicationContextException: Failed to start bean 'webServerStartStop'
[17:07:26.370][INFO ][org.springframework.boot.autoconfigure.logging.ConditionEvaluationReportLogger.logMessage:line82] - 

Error starting ApplicationContext. To display the condition evaluation report re-run your application with 'debug' enabled.
[17:07:26.378][ERROR][org.springframework.boot.diagnostics.LoggingFailureAnalysisReporter.report:line40] - 

***************************
APPLICATION FAILED TO START
***************************

Description:

Web server failed to start. Port 28444 was already in use.

Action:

Identify and stop the process that's listening on port 28444 or configure this application to listen on another port.

[17:08:46.794][INFO ][rise.cc.ChuckChuckServerApplication.logStarting:line50] - Starting ChuckChuckServerApplication using Java 17.0.8 with PID 70719 (/Users/leeroa/Desktop/DEV/study/ChuckChuck-Server/build/classes/java/main started by leeroa in /Users/leeroa/Desktop/DEV/study/ChuckChuck-Server)
[17:08:46.795][INFO ][rise.cc.ChuckChuckServerApplication.logStartupProfileInfo:line654] - No active profile set, falling back to 1 default profile: "default"
[17:08:47.389][INFO ][org.springframework.boot.web.embedded.tomcat.TomcatWebServer.initialize:line109] - Tomcat initialized with port 28444 (https)
[17:08:47.396][INFO ][org.apache.catalina.core.StandardService.log:line173] - Starting service [Tomcat]
[17:08:47.396][INFO ][org.apache.catalina.core.StandardEngine.log:line173] - Starting Servlet engine: [Apache Tomcat/10.1.20]
[17:08:47.419][INFO ][org.apache.catalina.core.ContainerBase.[Tomcat].[localhost].[/].log:line173] - Initializing Spring embedded WebApplicationContext
[17:08:47.419][INFO ][org.springframework.boot.web.servlet.context.ServletWebServerApplicationContext.prepareWebApplicationContext:line296] - Root WebApplicationContext: initialization completed in 600 ms
[17:08:48.023][INFO ][org.apache.tomcat.util.net.NioEndpoint.certificate.log:line173] - Connector [https-jsse-nio-28444], TLS virtual host [_default_], certificate type [UNDEFINED] configured from keystore [/Users/leeroa/.keystore] using alias [tomcat] with trust store [null]
[17:08:48.029][INFO ][org.springframework.boot.web.embedded.tomcat.TomcatWebServer.start:line241] - Tomcat started on port 28444 (https) with context path ''
[17:08:48.035][INFO ][rise.cc.ChuckChuckServerApplication.logStarted:line56] - Started ChuckChuckServerApplication in 1.445 seconds (process running for 2.233)
[17:09:32.394][INFO ][org.apache.catalina.core.ContainerBase.[Tomcat].[localhost].[/].log:line173] - Initializing Spring DispatcherServlet 'dispatcherServlet'
[17:09:32.395][INFO ][org.springframework.web.servlet.DispatcherServlet.initServletBean:line532] - Initializing Servlet 'dispatcherServlet'
[17:09:32.397][INFO ][org.springframework.web.servlet.DispatcherServlet.initServletBean:line554] - Completed initialization in 2 ms
[17:09:32.466][INFO ][com.zaxxer.hikari.HikariDataSource.getConnection:line110] - HikariPool-1 - Starting...
[17:09:32.938][INFO ][com.zaxxer.hikari.pool.HikariPool.checkFailFast:line565] - HikariPool-1 - Added connection net.sf.log4jdbc.sql.jdbcapi.ConnectionSpy@153c5e6a
[17:09:32.939][INFO ][com.zaxxer.hikari.HikariDataSource.getConnection:line123] - HikariPool-1 - Start completed.
[17:09:33.223][INFO ][jdbc.sqltiming.sqlTimingOccurred:line373] - SELECT
            CC_EMP.EMP_EMAIL,
            CC_EMP.EMP_PW,
            CC_CODE.CODE_NAME AS ROLE
        FROM
            CC_EMP
                INNER JOIN
            CC_CODE
            ON
                CC_EMP.ROLE_ID = CC_CODE.CODE_NO
        WHERE
            EMP_RETIRE_DT IS NULL
          AND
            EMP_ACCOUNT_STATUS = 'Y'
          AND
            EMP_EMAIL = '4'
 {executed in 219 msec}
[17:09:33.229][INFO ][jdbc.resultsettable.resultSetCollected:line610] - 
|----------|-------|----------|
|emp_email |emp_pw |code_name |
|----------|-------|----------|
|4         |4      |ROLE_USER |
|----------|-------|----------|

[17:09:33.232][INFO ][rise.cc.service.EmpServiceImpl.loginProc:line29] - 로그인 프로세스 성공
[17:10:15.338][INFO ][jdbc.sqltiming.sqlTimingOccurred:line373] - SELECT
            CC_EMP.EMP_EMAIL,
            CC_EMP.EMP_PW,
            CC_CODE.CODE_NAME AS ROLE
        FROM
            CC_EMP
                INNER JOIN
            CC_CODE
            ON
                CC_EMP.ROLE_ID = CC_CODE.CODE_NO
        WHERE
            EMP_RETIRE_DT IS NULL
          AND
            EMP_ACCOUNT_STATUS = 'Y'
          AND
            EMP_EMAIL = '4'
 {executed in 14 msec}
[17:10:15.339][INFO ][jdbc.resultsettable.resultSetCollected:line610] - 
|----------|-------|----------|
|emp_email |emp_pw |code_name |
|----------|-------|----------|
|4         |4      |ROLE_USER |
|----------|-------|----------|

[17:10:15.340][INFO ][rise.cc.service.EmpServiceImpl.loginProc:line29] - 로그인 프로세스 성공
[17:10:23.821][INFO ][jdbc.sqltiming.sqlTimingOccurred:line373] - SELECT
            CC_EMP.EMP_EMAIL,
            CC_EMP.EMP_PW,
            CC_CODE.CODE_NAME AS ROLE
        FROM
            CC_EMP
                INNER JOIN
            CC_CODE
            ON
                CC_EMP.ROLE_ID = CC_CODE.CODE_NO
        WHERE
            EMP_RETIRE_DT IS NULL
          AND
            EMP_ACCOUNT_STATUS = 'Y'
          AND
            EMP_EMAIL = '4'
 {executed in 283 msec}
[17:10:23.824][INFO ][jdbc.resultsettable.resultSetCollected:line610] - 
|----------|-------|----------|
|emp_email |emp_pw |code_name |
|----------|-------|----------|
|4         |4      |ROLE_USER |
|----------|-------|----------|

[17:10:23.824][INFO ][rise.cc.service.EmpServiceImpl.loginProc:line29] - 로그인 프로세스 성공
[17:11:08.804][INFO ][jdbc.sqltiming.sqlTimingOccurred:line373] - SELECT
            CC_EMP.EMP_EMAIL,
            CC_EMP.EMP_PW,
            CC_CODE.CODE_NAME AS ROLE
        FROM
            CC_EMP
                INNER JOIN
            CC_CODE
            ON
                CC_EMP.ROLE_ID = CC_CODE.CODE_NO
        WHERE
            EMP_RETIRE_DT IS NULL
          AND
            EMP_ACCOUNT_STATUS = 'Y'
          AND
            EMP_EMAIL = '4'
 {executed in 195 msec}
[17:11:08.809][INFO ][jdbc.resultsettable.resultSetCollected:line610] - 
|----------|-------|----------|
|emp_email |emp_pw |code_name |
|----------|-------|----------|
|4         |4      |ROLE_USER |
|----------|-------|----------|

[17:11:08.809][INFO ][rise.cc.service.EmpServiceImpl.loginProc:line29] - 로그인 프로세스 성공
[17:15:06.454][INFO ][jdbc.sqltiming.sqlTimingOccurred:line373] - SELECT
            CC_EMP.EMP_EMAIL,
            CC_EMP.EMP_PW,
            CC_CODE.CODE_NAME AS ROLE
        FROM
            CC_EMP
                INNER JOIN
            CC_CODE
            ON
                CC_EMP.ROLE_ID = CC_CODE.CODE_NO
        WHERE
            EMP_RETIRE_DT IS NULL
          AND
            EMP_ACCOUNT_STATUS = 'Y'
          AND
            EMP_EMAIL = '4'
 {executed in 24 msec}
[17:15:06.457][INFO ][jdbc.resultsettable.resultSetCollected:line610] - 
|----------|-------|----------|
|emp_email |emp_pw |code_name |
|----------|-------|----------|
|4         |4      |ROLE_USER |
|----------|-------|----------|

[17:15:06.457][INFO ][rise.cc.service.EmpServiceImpl.loginProc:line29] - 로그인 프로세스 성공
[17:15:46.419][INFO ][jdbc.sqltiming.sqlTimingOccurred:line373] - SELECT
            CC_EMP.EMP_EMAIL,
            CC_EMP.EMP_PW,
            CC_CODE.CODE_NAME AS ROLE
        FROM
            CC_EMP
                INNER JOIN
            CC_CODE
            ON
                CC_EMP.ROLE_ID = CC_CODE.CODE_NO
        WHERE
            EMP_RETIRE_DT IS NULL
          AND
            EMP_ACCOUNT_STATUS = 'Y'
          AND
            EMP_EMAIL = '4'
 {executed in 24 msec}
[17:15:46.424][INFO ][jdbc.resultsettable.resultSetCollected:line610] - 
|----------|-------|----------|
|emp_email |emp_pw |code_name |
|----------|-------|----------|
|4         |4      |ROLE_USER |
|----------|-------|----------|

[17:15:46.425][INFO ][rise.cc.service.EmpServiceImpl.loginProc:line29] - 로그인 프로세스 성공
[17:16:44.252][INFO ][jdbc.sqltiming.sqlTimingOccurred:line373] - SELECT
            CC_EMP.EMP_EMAIL,
            CC_EMP.EMP_PW,
            CC_CODE.CODE_NAME AS ROLE
        FROM
            CC_EMP
                INNER JOIN
            CC_CODE
            ON
                CC_EMP.ROLE_ID = CC_CODE.CODE_NO
        WHERE
            EMP_RETIRE_DT IS NULL
          AND
            EMP_ACCOUNT_STATUS = 'Y'
          AND
            EMP_EMAIL = '4'
 {executed in 14 msec}
[17:16:44.261][INFO ][jdbc.resultsettable.resultSetCollected:line610] - 
|----------|-------|----------|
|emp_email |emp_pw |code_name |
|----------|-------|----------|
|4         |4      |ROLE_USER |
|----------|-------|----------|

[17:16:44.262][INFO ][rise.cc.service.EmpServiceImpl.loginProc:line29] - 로그인 프로세스 성공
[17:16:52.120][INFO ][jdbc.sqltiming.sqlTimingOccurred:line373] - SELECT
            CC_EMP.EMP_EMAIL,
            CC_EMP.EMP_PW,
            CC_CODE.CODE_NAME AS ROLE
        FROM
            CC_EMP
                INNER JOIN
            CC_CODE
            ON
                CC_EMP.ROLE_ID = CC_CODE.CODE_NO
        WHERE
            EMP_RETIRE_DT IS NULL
          AND
            EMP_ACCOUNT_STATUS = 'Y'
          AND
            EMP_EMAIL = '3'
 {executed in 13 msec}
[17:16:52.124][INFO ][jdbc.resultsettable.resultSetCollected:line610] - 
|----------|-------|----------|
|emp_email |emp_pw |code_name |
|----------|-------|----------|
|3         |3      |ROLE_EMP  |
|----------|-------|----------|

[17:16:52.124][INFO ][rise.cc.service.EmpServiceImpl.loginProc:line29] - 로그인 프로세스 성공
[17:17:00.299][INFO ][jdbc.sqltiming.sqlTimingOccurred:line373] - SELECT
            CC_EMP.EMP_EMAIL,
            CC_EMP.EMP_PW,
            CC_CODE.CODE_NAME AS ROLE
        FROM
            CC_EMP
                INNER JOIN
            CC_CODE
            ON
                CC_EMP.ROLE_ID = CC_CODE.CODE_NO
        WHERE
            EMP_RETIRE_DT IS NULL
          AND
            EMP_ACCOUNT_STATUS = 'Y'
          AND
            EMP_EMAIL = '4'
 {executed in 21 msec}
[17:17:00.301][INFO ][jdbc.resultsettable.resultSetCollected:line610] - 
|----------|-------|----------|
|emp_email |emp_pw |code_name |
|----------|-------|----------|
|4         |4      |ROLE_USER |
|----------|-------|----------|

[17:17:00.302][INFO ][rise.cc.service.EmpServiceImpl.loginProc:line29] - 로그인 프로세스 성공
[17:17:56.967][INFO ][jdbc.sqltiming.sqlTimingOccurred:line373] - SELECT
            CC_EMP.EMP_EMAIL,
            CC_EMP.EMP_PW,
            CC_CODE.CODE_NAME AS ROLE
        FROM
            CC_EMP
                INNER JOIN
            CC_CODE
            ON
                CC_EMP.ROLE_ID = CC_CODE.CODE_NO
        WHERE
            EMP_RETIRE_DT IS NULL
          AND
            EMP_ACCOUNT_STATUS = 'Y'
          AND
            EMP_EMAIL = '4'
 {executed in 15 msec}
[17:17:56.979][INFO ][jdbc.resultsettable.resultSetCollected:line610] - 
|----------|-------|----------|
|emp_email |emp_pw |code_name |
|----------|-------|----------|
|4         |4      |ROLE_USER |
|----------|-------|----------|

[17:17:56.980][INFO ][rise.cc.service.EmpServiceImpl.loginProc:line29] - 로그인 프로세스 성공
[17:18:00.963][INFO ][jdbc.sqltiming.sqlTimingOccurred:line373] - SELECT
            CC_EMP.EMP_EMAIL,
            CC_EMP.EMP_PW,
            CC_CODE.CODE_NAME AS ROLE
        FROM
            CC_EMP
                INNER JOIN
            CC_CODE
            ON
                CC_EMP.ROLE_ID = CC_CODE.CODE_NO
        WHERE
            EMP_RETIRE_DT IS NULL
          AND
            EMP_ACCOUNT_STATUS = 'Y'
          AND
            EMP_EMAIL = '4'
 {executed in 10 msec}
[17:18:00.965][INFO ][jdbc.resultsettable.resultSetCollected:line610] - 
|----------|-------|----------|
|emp_email |emp_pw |code_name |
|----------|-------|----------|
|4         |4      |ROLE_USER |
|----------|-------|----------|

[17:18:00.965][INFO ][rise.cc.service.EmpServiceImpl.loginProc:line29] - 로그인 프로세스 성공
[17:24:22.039][INFO ][jdbc.sqltiming.sqlTimingOccurred:line373] - SELECT
            CC_EMP.EMP_EMAIL,
            CC_EMP.EMP_PW,
            CC_CODE.CODE_NAME AS ROLE
        FROM
            CC_EMP
                INNER JOIN
            CC_CODE
            ON
                CC_EMP.ROLE_ID = CC_CODE.CODE_NO
        WHERE
            EMP_RETIRE_DT IS NULL
          AND
            EMP_ACCOUNT_STATUS = 'Y'
          AND
            EMP_EMAIL = '4'
 {executed in 17 msec}
[17:24:22.045][INFO ][jdbc.resultsettable.resultSetCollected:line610] - 
|----------|-------|----------|
|emp_email |emp_pw |code_name |
|----------|-------|----------|
|4         |4      |ROLE_USER |
|----------|-------|----------|

[17:24:22.046][INFO ][rise.cc.service.EmpServiceImpl.loginProc:line29] - 로그인 프로세스 성공
[17:24:22.335][INFO ][jdbc.sqltiming.sqlTimingOccurred:line373] - SELECT
            CC_EMP.EMP_EMAIL,
            CC_EMP.EMP_PW,
            CC_CODE.CODE_NAME AS ROLE
        FROM
            CC_EMP
                INNER JOIN
            CC_CODE
            ON
                CC_EMP.ROLE_ID = CC_CODE.CODE_NO
        WHERE
            EMP_RETIRE_DT IS NULL
          AND
            EMP_ACCOUNT_STATUS = 'Y'
          AND
            EMP_EMAIL = '4'
 {executed in 18 msec}
[17:24:22.336][INFO ][jdbc.resultsettable.resultSetCollected:line610] - 
|----------|-------|----------|
|emp_email |emp_pw |code_name |
|----------|-------|----------|
|4         |4      |ROLE_USER |
|----------|-------|----------|

[17:24:22.336][INFO ][rise.cc.service.EmpServiceImpl.loginProc:line29] - 로그인 프로세스 성공
[17:24:35.334][INFO ][jdbc.sqltiming.sqlTimingOccurred:line373] - SELECT
            CC_EMP.EMP_EMAIL,
            CC_EMP.EMP_PW,
            CC_CODE.CODE_NAME AS ROLE
        FROM
            CC_EMP
                INNER JOIN
            CC_CODE
            ON
                CC_EMP.ROLE_ID = CC_CODE.CODE_NO
        WHERE
            EMP_RETIRE_DT IS NULL
          AND
            EMP_ACCOUNT_STATUS = 'Y'
          AND
            EMP_EMAIL = '4'
 {executed in 15 msec}
[17:24:35.335][INFO ][jdbc.resultsettable.resultSetCollected:line610] - 
|----------|-------|----------|
|emp_email |emp_pw |code_name |
|----------|-------|----------|
|4         |4      |ROLE_USER |
|----------|-------|----------|

[17:24:35.336][INFO ][rise.cc.service.EmpServiceImpl.loginProc:line29] - 로그인 프로세스 성공
[17:24:35.439][INFO ][jdbc.sqltiming.sqlTimingOccurred:line373] - SELECT
            CC_EMP.EMP_EMAIL,
            CC_EMP.EMP_PW,
            CC_CODE.CODE_NAME AS ROLE
        FROM
            CC_EMP
                INNER JOIN
            CC_CODE
            ON
                CC_EMP.ROLE_ID = CC_CODE.CODE_NO
        WHERE
            EMP_RETIRE_DT IS NULL
          AND
            EMP_ACCOUNT_STATUS = 'Y'
          AND
            EMP_EMAIL = '4'
 {executed in 14 msec}
[17:24:35.441][INFO ][jdbc.resultsettable.resultSetCollected:line610] - 
|----------|-------|----------|
|emp_email |emp_pw |code_name |
|----------|-------|----------|
|4         |4      |ROLE_USER |
|----------|-------|----------|

[17:24:35.442][INFO ][rise.cc.service.EmpServiceImpl.loginProc:line29] - 로그인 프로세스 성공
[17:26:36.566][INFO ][jdbc.sqltiming.sqlTimingOccurred:line373] - SELECT
            CC_EMP.EMP_EMAIL,
            CC_EMP.EMP_PW,
            CC_CODE.CODE_NAME AS ROLE
        FROM
            CC_EMP
                INNER JOIN
            CC_CODE
            ON
                CC_EMP.ROLE_ID = CC_CODE.CODE_NO
        WHERE
            EMP_RETIRE_DT IS NULL
          AND
            EMP_ACCOUNT_STATUS = 'Y'
          AND
            EMP_EMAIL = '4'
 {executed in 168 msec}
[17:26:36.570][INFO ][jdbc.resultsettable.resultSetCollected:line610] - 
|----------|-------|----------|
|emp_email |emp_pw |code_name |
|----------|-------|----------|
|4         |4      |ROLE_USER |
|----------|-------|----------|

[17:26:36.571][INFO ][rise.cc.service.EmpServiceImpl.loginProc:line29] - 로그인 프로세스 성공
[17:26:40.200][INFO ][jdbc.sqltiming.sqlTimingOccurred:line373] - SELECT
            CC_EMP.EMP_EMAIL,
            CC_EMP.EMP_PW,
            CC_CODE.CODE_NAME AS ROLE
        FROM
            CC_EMP
                INNER JOIN
            CC_CODE
            ON
                CC_EMP.ROLE_ID = CC_CODE.CODE_NO
        WHERE
            EMP_RETIRE_DT IS NULL
          AND
            EMP_ACCOUNT_STATUS = 'Y'
          AND
            EMP_EMAIL = '4'
 {executed in 49 msec}
[17:26:40.201][INFO ][jdbc.resultsettable.resultSetCollected:line610] - 
|----------|-------|----------|
|emp_email |emp_pw |code_name |
|----------|-------|----------|
|4         |4      |ROLE_USER |
|----------|-------|----------|

[17:26:40.201][INFO ][rise.cc.service.EmpServiceImpl.loginProc:line29] - 로그인 프로세스 성공
[17:27:32.055][INFO ][jdbc.sqltiming.sqlTimingOccurred:line373] - SELECT
            CC_EMP.EMP_EMAIL,
            CC_EMP.EMP_PW,
            CC_CODE.CODE_NAME AS ROLE
        FROM
            CC_EMP
                INNER JOIN
            CC_CODE
            ON
                CC_EMP.ROLE_ID = CC_CODE.CODE_NO
        WHERE
            EMP_RETIRE_DT IS NULL
          AND
            EMP_ACCOUNT_STATUS = 'Y'
          AND
            EMP_EMAIL = '4'
 {executed in 67 msec}
[17:27:32.060][INFO ][jdbc.resultsettable.resultSetCollected:line610] - 
|----------|-------|----------|
|emp_email |emp_pw |code_name |
|----------|-------|----------|
|4         |4      |ROLE_USER |
|----------|-------|----------|

[17:27:32.061][INFO ][rise.cc.service.EmpServiceImpl.loginProc:line29] - 로그인 프로세스 성공
[17:27:43.007][INFO ][jdbc.sqltiming.sqlTimingOccurred:line373] - SELECT
            CC_EMP.EMP_EMAIL,
            CC_EMP.EMP_PW,
            CC_CODE.CODE_NAME AS ROLE
        FROM
            CC_EMP
                INNER JOIN
            CC_CODE
            ON
                CC_EMP.ROLE_ID = CC_CODE.CODE_NO
        WHERE
            EMP_RETIRE_DT IS NULL
          AND
            EMP_ACCOUNT_STATUS = 'Y'
          AND
            EMP_EMAIL = '4'
 {executed in 15 msec}
[17:27:43.011][INFO ][jdbc.resultsettable.resultSetCollected:line610] - 
|----------|-------|----------|
|emp_email |emp_pw |code_name |
|----------|-------|----------|
|4         |4      |ROLE_USER |
|----------|-------|----------|

[17:27:43.011][INFO ][rise.cc.service.EmpServiceImpl.loginProc:line29] - 로그인 프로세스 성공
[17:27:56.327][INFO ][com.zaxxer.hikari.HikariDataSource.close:line350] - HikariPool-1 - Shutdown initiated...
[17:27:56.361][INFO ][com.zaxxer.hikari.HikariDataSource.close:line352] - HikariPool-1 - Shutdown completed.
[17:27:58.828][INFO ][rise.cc.ChuckChuckServerApplication.logStarting:line50] - Starting ChuckChuckServerApplication using Java 17.0.8 with PID 71131 (/Users/leeroa/Desktop/DEV/study/ChuckChuck-Server/build/classes/java/main started by leeroa in /Users/leeroa/Desktop/DEV/study/ChuckChuck-Server)
[17:27:58.829][INFO ][rise.cc.ChuckChuckServerApplication.logStartupProfileInfo:line654] - No active profile set, falling back to 1 default profile: "default"
[17:27:59.398][INFO ][org.springframework.boot.web.embedded.tomcat.TomcatWebServer.initialize:line109] - Tomcat initialized with port 28444 (https)
[17:27:59.405][INFO ][org.apache.catalina.core.StandardService.log:line173] - Starting service [Tomcat]
[17:27:59.405][INFO ][org.apache.catalina.core.StandardEngine.log:line173] - Starting Servlet engine: [Apache Tomcat/10.1.20]
[17:27:59.432][INFO ][org.apache.catalina.core.ContainerBase.[Tomcat].[localhost].[/].log:line173] - Initializing Spring embedded WebApplicationContext
[17:27:59.432][INFO ][org.springframework.boot.web.servlet.context.ServletWebServerApplicationContext.prepareWebApplicationContext:line296] - Root WebApplicationContext: initialization completed in 583 ms
[17:28:00.031][INFO ][org.apache.tomcat.util.net.NioEndpoint.certificate.log:line173] - Connector [https-jsse-nio-28444], TLS virtual host [_default_], certificate type [UNDEFINED] configured from keystore [/Users/leeroa/.keystore] using alias [tomcat] with trust store [null]
[17:28:00.037][INFO ][org.springframework.boot.web.embedded.tomcat.TomcatWebServer.start:line241] - Tomcat started on port 28444 (https) with context path ''
[17:28:00.043][INFO ][rise.cc.ChuckChuckServerApplication.logStarted:line56] - Started ChuckChuckServerApplication in 1.413 seconds (process running for 1.961)
[17:28:32.174][INFO ][org.apache.catalina.core.ContainerBase.[Tomcat].[localhost].[/].log:line173] - Initializing Spring DispatcherServlet 'dispatcherServlet'
[17:28:32.175][INFO ][org.springframework.web.servlet.DispatcherServlet.initServletBean:line532] - Initializing Servlet 'dispatcherServlet'
[17:28:32.183][INFO ][org.springframework.web.servlet.DispatcherServlet.initServletBean:line554] - Completed initialization in 7 ms
[17:28:32.243][INFO ][com.zaxxer.hikari.HikariDataSource.getConnection:line110] - HikariPool-1 - Starting...
[17:28:32.364][INFO ][com.zaxxer.hikari.pool.HikariPool.checkFailFast:line565] - HikariPool-1 - Added connection net.sf.log4jdbc.sql.jdbcapi.ConnectionSpy@62f18c8e
[17:28:32.365][INFO ][com.zaxxer.hikari.HikariDataSource.getConnection:line123] - HikariPool-1 - Start completed.
[17:28:32.412][INFO ][jdbc.sqltiming.sqlTimingOccurred:line373] - SELECT
            CC_EMP.EMP_EMAIL,
            CC_EMP.EMP_PW,
            CC_CODE.CODE_NAME AS ROLE
        FROM
            CC_EMP
                INNER JOIN
            CC_CODE
            ON
                CC_EMP.ROLE_ID = CC_CODE.CODE_NO
        WHERE
            EMP_RETIRE_DT IS NULL
          AND
            EMP_ACCOUNT_STATUS = 'Y'
          AND
            EMP_EMAIL = '4'
 {executed in 13 msec}
[17:28:32.419][INFO ][jdbc.resultsettable.resultSetCollected:line610] - 
|----------|-------|----------|
|emp_email |emp_pw |code_name |
|----------|-------|----------|
|4         |4      |ROLE_USER |
|----------|-------|----------|

[17:28:32.422][INFO ][rise.cc.service.EmpServiceImpl.loginProc:line30] - 로그인 프로세스 성공
[17:28:35.437][ERROR][jdbc.sqltiming.exceptionOccured:line154] - 1. PreparedStatement.execute() FAILED! INSERT INTO
            CC_EMP (
                EMP_EMAIL,
                EMP_PHONENUM,
                EMP_PW,
                EMP_BIRTH,
                ROLE_ID
        )
        VALUES
            (
                '0',
                '010-1234-1234',
                '0',
                '12/21/2024 16:46:23.224',
                'ROLE_ADMIN'
        )
 {FAILED after 31 msec}
java.sql.SQLSyntaxErrorException: (conn=917) Incorrect integer value: 'ROLE_ADMIN' for column `approval`.`cc_emp`.`ROLE_ID` at row 1
	at org.mariadb.jdbc.internal.util.exceptions.ExceptionFactory.createException(ExceptionFactory.java:62)
	at org.mariadb.jdbc.internal.util.exceptions.ExceptionFactory.create(ExceptionFactory.java:158)
	at org.mariadb.jdbc.MariaDbStatement.executeExceptionEpilogue(MariaDbStatement.java:262)
	at org.mariadb.jdbc.ClientSidePreparedStatement.executeInternal(ClientSidePreparedStatement.java:229)
	at org.mariadb.jdbc.ClientSidePreparedStatement.execute(ClientSidePreparedStatement.java:149)
	at net.sf.log4jdbc.sql.jdbcapi.PreparedStatementSpy.execute(PreparedStatementSpy.java:443)
	at com.zaxxer.hikari.pool.ProxyPreparedStatement.execute(ProxyPreparedStatement.java:44)
	at com.zaxxer.hikari.pool.HikariProxyPreparedStatement.execute(HikariProxyPreparedStatement.java)
	at org.apache.ibatis.executor.statement.PreparedStatementHandler.update(PreparedStatementHandler.java:48)
	at org.apache.ibatis.executor.statement.RoutingStatementHandler.update(RoutingStatementHandler.java:75)
	at org.apache.ibatis.executor.SimpleExecutor.doUpdate(SimpleExecutor.java:50)
	at org.apache.ibatis.executor.BaseExecutor.update(BaseExecutor.java:117)
	at org.apache.ibatis.executor.CachingExecutor.update(CachingExecutor.java:76)
	at org.apache.ibatis.session.defaults.DefaultSqlSession.update(DefaultSqlSession.java:197)
	at org.apache.ibatis.session.defaults.DefaultSqlSession.insert(DefaultSqlSession.java:184)
	at java.base/jdk.internal.reflect.NativeMethodAccessorImpl.invoke0(Native Method)
	at java.base/jdk.internal.reflect.NativeMethodAccessorImpl.invoke(NativeMethodAccessorImpl.java:77)
	at java.base/jdk.internal.reflect.DelegatingMethodAccessorImpl.invoke(DelegatingMethodAccessorImpl.java:43)
	at java.base/java.lang.reflect.Method.invoke(Method.java:568)
	at org.mybatis.spring.SqlSessionTemplate$SqlSessionInterceptor.invoke(SqlSessionTemplate.java:425)
	at jdk.proxy2/jdk.proxy2.$Proxy68.insert(Unknown Source)
	at org.mybatis.spring.SqlSessionTemplate.insert(SqlSessionTemplate.java:272)
	at org.apache.ibatis.binding.MapperMethod.execute(MapperMethod.java:62)
	at org.apache.ibatis.binding.MapperProxy$PlainMethodInvoker.invoke(MapperProxy.java:141)
	at org.apache.ibatis.binding.MapperProxy.invoke(MapperProxy.java:86)
	at jdk.proxy2/jdk.proxy2.$Proxy69.createEmp(Unknown Source)
	at rise.cc.service.EmpServiceImpl.createEmp(EmpServiceImpl.java:54)
	at java.base/jdk.internal.reflect.NativeMethodAccessorImpl.invoke0(Native Method)
	at java.base/jdk.internal.reflect.NativeMethodAccessorImpl.invoke(NativeMethodAccessorImpl.java:77)
	at java.base/jdk.internal.reflect.DelegatingMethodAccessorImpl.invoke(DelegatingMethodAccessorImpl.java:43)
	at java.base/java.lang.reflect.Method.invoke(Method.java:568)
	at org.springframework.aop.support.AopUtils.invokeJoinpointUsingReflection(AopUtils.java:354)
	at org.springframework.aop.framework.CglibAopProxy$DynamicAdvisedInterceptor.intercept(CglibAopProxy.java:716)
	at rise.cc.service.EmpServiceImpl$$SpringCGLIB$$0.createEmp(<generated>)
	at rise.cc.controller.EmpController.createEmp(EmpController.java:71)
	at java.base/jdk.internal.reflect.NativeMethodAccessorImpl.invoke0(Native Method)
	at java.base/jdk.internal.reflect.NativeMethodAccessorImpl.invoke(NativeMethodAccessorImpl.java:77)
	at java.base/jdk.internal.reflect.DelegatingMethodAccessorImpl.invoke(DelegatingMethodAccessorImpl.java:43)
	at java.base/java.lang.reflect.Method.invoke(Method.java:568)
	at org.springframework.web.method.support.InvocableHandlerMethod.doInvoke(InvocableHandlerMethod.java:255)
	at org.springframework.web.method.support.InvocableHandlerMethod.invokeForRequest(InvocableHandlerMethod.java:188)
	at org.springframework.web.servlet.mvc.method.annotation.ServletInvocableHandlerMethod.invokeAndHandle(ServletInvocableHandlerMethod.java:118)
	at org.springframework.web.servlet.mvc.method.annotation.RequestMappingHandlerAdapter.invokeHandlerMethod(RequestMappingHandlerAdapter.java:926)
	at org.springframework.web.servlet.mvc.method.annotation.RequestMappingHandlerAdapter.handleInternal(RequestMappingHandlerAdapter.java:831)
	at org.springframework.web.servlet.mvc.method.AbstractHandlerMethodAdapter.handle(AbstractHandlerMethodAdapter.java:87)
	at org.springframework.web.servlet.DispatcherServlet.doDispatch(DispatcherServlet.java:1089)
	at org.springframework.web.servlet.DispatcherServlet.doService(DispatcherServlet.java:979)
	at org.springframework.web.servlet.FrameworkServlet.processRequest(FrameworkServlet.java:1014)
	at org.springframework.web.servlet.FrameworkServlet.doPost(FrameworkServlet.java:914)
	at jakarta.servlet.http.HttpServlet.service(HttpServlet.java:590)
	at org.springframework.web.servlet.FrameworkServlet.service(FrameworkServlet.java:885)
	at jakarta.servlet.http.HttpServlet.service(HttpServlet.java:658)
	at org.apache.catalina.core.ApplicationFilterChain.internalDoFilter(ApplicationFilterChain.java:206)
	at org.apache.catalina.core.ApplicationFilterChain.doFilter(ApplicationFilterChain.java:150)
	at org.apache.tomcat.websocket.server.WsFilter.doFilter(WsFilter.java:51)
	at org.apache.catalina.core.ApplicationFilterChain.internalDoFilter(ApplicationFilterChain.java:175)
	at org.apache.catalina.core.ApplicationFilterChain.doFilter(ApplicationFilterChain.java:150)
	at org.springframework.web.filter.RequestContextFilter.doFilterInternal(RequestContextFilter.java:100)
	at org.springframework.web.filter.OncePerRequestFilter.doFilter(OncePerRequestFilter.java:116)
	at org.apache.catalina.core.ApplicationFilterChain.internalDoFilter(ApplicationFilterChain.java:175)
	at org.apache.catalina.core.ApplicationFilterChain.doFilter(ApplicationFilterChain.java:150)
	at org.springframework.web.filter.FormContentFilter.doFilterInternal(FormContentFilter.java:93)
	at org.springframework.web.filter.OncePerRequestFilter.doFilter(OncePerRequestFilter.java:116)
	at org.apache.catalina.core.ApplicationFilterChain.internalDoFilter(ApplicationFilterChain.java:175)
	at org.apache.catalina.core.ApplicationFilterChain.doFilter(ApplicationFilterChain.java:150)
	at org.springframework.web.filter.CharacterEncodingFilter.doFilterInternal(CharacterEncodingFilter.java:201)
	at org.springframework.web.filter.OncePerRequestFilter.doFilter(OncePerRequestFilter.java:116)
	at org.apache.catalina.core.ApplicationFilterChain.internalDoFilter(ApplicationFilterChain.java:175)
	at org.apache.catalina.core.ApplicationFilterChain.doFilter(ApplicationFilterChain.java:150)
	at org.apache.catalina.core.StandardWrapperValve.invoke(StandardWrapperValve.java:167)
	at org.apache.catalina.core.StandardContextValve.invoke(StandardContextValve.java:90)
	at org.apache.catalina.authenticator.AuthenticatorBase.invoke(AuthenticatorBase.java:482)
	at org.apache.catalina.core.StandardHostValve.invoke(StandardHostValve.java:115)
	at org.apache.catalina.valves.ErrorReportValve.invoke(ErrorReportValve.java:93)
	at org.apache.catalina.core.StandardEngineValve.invoke(StandardEngineValve.java:74)
	at org.apache.catalina.connector.CoyoteAdapter.service(CoyoteAdapter.java:344)
	at org.apache.coyote.http11.Http11Processor.service(Http11Processor.java:391)
	at org.apache.coyote.AbstractProcessorLight.process(AbstractProcessorLight.java:63)
	at org.apache.coyote.AbstractProtocol$ConnectionHandler.process(AbstractProtocol.java:896)
	at org.apache.tomcat.util.net.NioEndpoint$SocketProcessor.doRun(NioEndpoint.java:1736)
	at org.apache.tomcat.util.net.SocketProcessorBase.run(SocketProcessorBase.java:52)
	at org.apache.tomcat.util.threads.ThreadPoolExecutor.runWorker(ThreadPoolExecutor.java:1191)
	at org.apache.tomcat.util.threads.ThreadPoolExecutor$Worker.run(ThreadPoolExecutor.java:659)
	at org.apache.tomcat.util.threads.TaskThread$WrappingRunnable.run(TaskThread.java:63)
	at java.base/java.lang.Thread.run(Thread.java:833)
Caused by: org.mariadb.jdbc.internal.util.exceptions.MariaDbSqlException: Incorrect integer value: 'ROLE_ADMIN' for column `approval`.`cc_emp`.`ROLE_ID` at row 1
	at org.mariadb.jdbc.internal.util.exceptions.MariaDbSqlException.of(MariaDbSqlException.java:34)
	at org.mariadb.jdbc.internal.protocol.AbstractQueryProtocol.exceptionWithQuery(AbstractQueryProtocol.java:195)
	at org.mariadb.jdbc.internal.protocol.AbstractQueryProtocol.exceptionWithQuery(AbstractQueryProtocol.java:178)
	at org.mariadb.jdbc.internal.protocol.AbstractQueryProtocol.executeQuery(AbstractQueryProtocol.java:322)
	at org.mariadb.jdbc.ClientSidePreparedStatement.executeInternal(ClientSidePreparedStatement.java:220)
	... 81 common frames omitted
Caused by: java.sql.SQLException: Incorrect integer value: 'ROLE_ADMIN' for column `approval`.`cc_emp`.`ROLE_ID` at row 1
	at org.mariadb.jdbc.internal.protocol.AbstractQueryProtocol.readErrorPacket(AbstractQueryProtocol.java:1693)
	at org.mariadb.jdbc.internal.protocol.AbstractQueryProtocol.readPacket(AbstractQueryProtocol.java:1555)
	at org.mariadb.jdbc.internal.protocol.AbstractQueryProtocol.getResult(AbstractQueryProtocol.java:1518)
	at org.mariadb.jdbc.internal.protocol.AbstractQueryProtocol.executeQuery(AbstractQueryProtocol.java:319)
	... 82 common frames omitted
[17:28:35.518][ERROR][rise.cc.service.EmpServiceImpl.createEmp:line59] - 계정 생성 DB 에러 : 
### Error updating database.  Cause: java.sql.SQLSyntaxErrorException: (conn=917) Incorrect integer value: 'ROLE_ADMIN' for column `approval`.`cc_emp`.`ROLE_ID` at row 1
### The error may exist in file [/Users/leeroa/Desktop/DEV/study/ChuckChuck-Server/build/resources/main/mapper/EmpDao.xml]
### The error may involve rise.cc.dao.EmpDao.createEmp-Inline
### The error occurred while setting parameters
### SQL: INSERT INTO             CC_EMP (                 EMP_EMAIL,                 EMP_PHONENUM,                 EMP_PW,                 EMP_BIRTH,                 ROLE_ID         )         VALUES             (                 ?,                 ?,                 ?,                 ?,                 ?         )
### Cause: java.sql.SQLSyntaxErrorException: (conn=917) Incorrect integer value: 'ROLE_ADMIN' for column `approval`.`cc_emp`.`ROLE_ID` at row 1
; bad SQL grammar []
[17:28:43.820][INFO ][jdbc.sqltiming.sqlTimingOccurred:line373] - SELECT
            CC_EMP.EMP_EMAIL,
            CC_EMP.EMP_PW,
            CC_CODE.CODE_NAME AS ROLE
        FROM
            CC_EMP
                INNER JOIN
            CC_CODE
            ON
                CC_EMP.ROLE_ID = CC_CODE.CODE_NO
        WHERE
            EMP_RETIRE_DT IS NULL
          AND
            EMP_ACCOUNT_STATUS = 'Y'
          AND
            EMP_EMAIL = '4'
 {executed in 19 msec}
[17:28:43.828][INFO ][jdbc.resultsettable.resultSetCollected:line610] - 
|----------|-------|----------|
|emp_email |emp_pw |code_name |
|----------|-------|----------|
|4         |4      |ROLE_USER |
|----------|-------|----------|

[17:28:43.828][INFO ][rise.cc.service.EmpServiceImpl.loginProc:line30] - 로그인 프로세스 성공
[17:29:48.665][INFO ][com.zaxxer.hikari.HikariDataSource.close:line350] - HikariPool-1 - Shutdown initiated...
[17:29:48.698][INFO ][com.zaxxer.hikari.HikariDataSource.close:line352] - HikariPool-1 - Shutdown completed.
[17:29:50.353][INFO ][rise.cc.ChuckChuckServerApplication.logStarting:line50] - Starting ChuckChuckServerApplication using Java 17.0.8 with PID 71192 (/Users/leeroa/Desktop/DEV/study/ChuckChuck-Server/build/classes/java/main started by leeroa in /Users/leeroa/Desktop/DEV/study/ChuckChuck-Server)
[17:29:50.355][INFO ][rise.cc.ChuckChuckServerApplication.logStartupProfileInfo:line654] - No active profile set, falling back to 1 default profile: "default"
[17:29:50.955][INFO ][org.springframework.boot.web.embedded.tomcat.TomcatWebServer.initialize:line109] - Tomcat initialized with port 28444 (https)
[17:29:50.962][INFO ][org.apache.catalina.core.StandardService.log:line173] - Starting service [Tomcat]
[17:29:50.962][INFO ][org.apache.catalina.core.StandardEngine.log:line173] - Starting Servlet engine: [Apache Tomcat/10.1.20]
[17:29:50.989][INFO ][org.apache.catalina.core.ContainerBase.[Tomcat].[localhost].[/].log:line173] - Initializing Spring embedded WebApplicationContext
[17:29:50.990][INFO ][org.springframework.boot.web.servlet.context.ServletWebServerApplicationContext.prepareWebApplicationContext:line296] - Root WebApplicationContext: initialization completed in 614 ms
[17:29:51.592][INFO ][org.apache.tomcat.util.net.NioEndpoint.certificate.log:line173] - Connector [https-jsse-nio-28444], TLS virtual host [_default_], certificate type [UNDEFINED] configured from keystore [/Users/leeroa/.keystore] using alias [tomcat] with trust store [null]
[17:29:51.600][INFO ][org.springframework.boot.web.embedded.tomcat.TomcatWebServer.start:line241] - Tomcat started on port 28444 (https) with context path ''
[17:29:51.606][INFO ][rise.cc.ChuckChuckServerApplication.logStarted:line56] - Started ChuckChuckServerApplication in 1.459 seconds (process running for 1.912)
[17:29:59.309][INFO ][org.apache.catalina.core.ContainerBase.[Tomcat].[localhost].[/].log:line173] - Initializing Spring DispatcherServlet 'dispatcherServlet'
[17:29:59.309][INFO ][org.springframework.web.servlet.DispatcherServlet.initServletBean:line532] - Initializing Servlet 'dispatcherServlet'
[17:29:59.311][INFO ][org.springframework.web.servlet.DispatcherServlet.initServletBean:line554] - Completed initialization in 2 ms
[17:29:59.378][INFO ][com.zaxxer.hikari.HikariDataSource.getConnection:line110] - HikariPool-1 - Starting...
[17:29:59.484][INFO ][com.zaxxer.hikari.pool.HikariPool.checkFailFast:line565] - HikariPool-1 - Added connection net.sf.log4jdbc.sql.jdbcapi.ConnectionSpy@d178588
[17:29:59.485][INFO ][com.zaxxer.hikari.HikariDataSource.getConnection:line123] - HikariPool-1 - Start completed.
[17:29:59.494][ERROR][rise.cc.service.EmpServiceImpl.createEmp:line59] - 계정 생성 DB 에러 : null
[17:30:36.748][INFO ][com.zaxxer.hikari.HikariDataSource.close:line350] - HikariPool-1 - Shutdown initiated...
[17:30:36.781][INFO ][com.zaxxer.hikari.HikariDataSource.close:line352] - HikariPool-1 - Shutdown completed.
[17:30:38.610][INFO ][rise.cc.ChuckChuckServerApplication.logStarting:line50] - Starting ChuckChuckServerApplication using Java 17.0.8 with PID 71211 (/Users/leeroa/Desktop/DEV/study/ChuckChuck-Server/build/classes/java/main started by leeroa in /Users/leeroa/Desktop/DEV/study/ChuckChuck-Server)
[17:30:38.611][INFO ][rise.cc.ChuckChuckServerApplication.logStartupProfileInfo:line654] - No active profile set, falling back to 1 default profile: "default"
[17:30:39.163][INFO ][org.springframework.boot.web.embedded.tomcat.TomcatWebServer.initialize:line109] - Tomcat initialized with port 28444 (https)
[17:30:39.169][INFO ][org.apache.catalina.core.StandardService.log:line173] - Starting service [Tomcat]
[17:30:39.169][INFO ][org.apache.catalina.core.StandardEngine.log:line173] - Starting Servlet engine: [Apache Tomcat/10.1.20]
[17:30:39.196][INFO ][org.apache.catalina.core.ContainerBase.[Tomcat].[localhost].[/].log:line173] - Initializing Spring embedded WebApplicationContext
[17:30:39.197][INFO ][org.springframework.boot.web.servlet.context.ServletWebServerApplicationContext.prepareWebApplicationContext:line296] - Root WebApplicationContext: initialization completed in 565 ms
[17:30:39.742][INFO ][org.apache.tomcat.util.net.NioEndpoint.certificate.log:line173] - Connector [https-jsse-nio-28444], TLS virtual host [_default_], certificate type [UNDEFINED] configured from keystore [/Users/leeroa/.keystore] using alias [tomcat] with trust store [null]
[17:30:39.748][INFO ][org.springframework.boot.web.embedded.tomcat.TomcatWebServer.start:line241] - Tomcat started on port 28444 (https) with context path ''
[17:30:39.754][INFO ][rise.cc.ChuckChuckServerApplication.logStarted:line56] - Started ChuckChuckServerApplication in 1.331 seconds (process running for 1.648)
[17:30:40.606][INFO ][org.apache.catalina.core.ContainerBase.[Tomcat].[localhost].[/].log:line173] - Initializing Spring DispatcherServlet 'dispatcherServlet'
[17:30:40.606][INFO ][org.springframework.web.servlet.DispatcherServlet.initServletBean:line532] - Initializing Servlet 'dispatcherServlet'
[17:30:40.607][INFO ][org.springframework.web.servlet.DispatcherServlet.initServletBean:line554] - Completed initialization in 1 ms
[17:30:40.656][INFO ][com.zaxxer.hikari.HikariDataSource.getConnection:line110] - HikariPool-1 - Starting...
[17:30:40.755][INFO ][com.zaxxer.hikari.pool.HikariPool.checkFailFast:line565] - HikariPool-1 - Added connection net.sf.log4jdbc.sql.jdbcapi.ConnectionSpy@13dd2437
[17:30:40.756][INFO ][com.zaxxer.hikari.HikariDataSource.getConnection:line123] - HikariPool-1 - Start completed.
[17:30:40.804][INFO ][jdbc.sqltiming.sqlTimingOccurred:line373] - SELECT
            CC_EMP.EMP_EMAIL,
            CC_EMP.EMP_PW,
            CC_CODE.CODE_NAME AS ROLE
        FROM
            CC_EMP
                INNER JOIN
            CC_CODE
            ON
                CC_EMP.ROLE_ID = CC_CODE.CODE_NO
        WHERE
            EMP_RETIRE_DT IS NULL
          AND
            EMP_ACCOUNT_STATUS = 'Y'
          AND
            EMP_EMAIL = '4'
 {executed in 11 msec}
[17:30:40.810][INFO ][jdbc.resultsettable.resultSetCollected:line610] - 
|----------|-------|----------|
|emp_email |emp_pw |code_name |
|----------|-------|----------|
|4         |4      |ROLE_USER |
|----------|-------|----------|

[17:30:40.813][INFO ][rise.cc.service.EmpServiceImpl.loginProc:line30] - 로그인 프로세스 성공
[17:30:53.415][ERROR][rise.cc.service.EmpServiceImpl.createEmp:line60] - 계정 생성 DB 에러 : null
[17:31:48.460][ERROR][rise.cc.service.EmpServiceImpl.createEmp:line60] - 계정 생성 DB 에러 : null
[17:33:05.780][INFO ][com.zaxxer.hikari.HikariDataSource.close:line350] - HikariPool-1 - Shutdown initiated...
[17:33:05.815][INFO ][com.zaxxer.hikari.HikariDataSource.close:line352] - HikariPool-1 - Shutdown completed.
[17:33:07.156][INFO ][rise.cc.ChuckChuckServerApplication.logStarting:line50] - Starting ChuckChuckServerApplication using Java 17.0.8 with PID 71250 (/Users/leeroa/Desktop/DEV/study/ChuckChuck-Server/build/classes/java/main started by leeroa in /Users/leeroa/Desktop/DEV/study/ChuckChuck-Server)
[17:33:07.158][INFO ][rise.cc.ChuckChuckServerApplication.logStartupProfileInfo:line654] - No active profile set, falling back to 1 default profile: "default"
[17:33:07.715][INFO ][org.springframework.boot.web.embedded.tomcat.TomcatWebServer.initialize:line109] - Tomcat initialized with port 28444 (https)
[17:33:07.722][INFO ][org.apache.catalina.core.StandardService.log:line173] - Starting service [Tomcat]
[17:33:07.722][INFO ][org.apache.catalina.core.StandardEngine.log:line173] - Starting Servlet engine: [Apache Tomcat/10.1.20]
[17:33:07.750][INFO ][org.apache.catalina.core.ContainerBase.[Tomcat].[localhost].[/].log:line173] - Initializing Spring embedded WebApplicationContext
[17:33:07.750][INFO ][org.springframework.boot.web.servlet.context.ServletWebServerApplicationContext.prepareWebApplicationContext:line296] - Root WebApplicationContext: initialization completed in 570 ms
[17:33:08.300][INFO ][org.apache.tomcat.util.net.NioEndpoint.certificate.log:line173] - Connector [https-jsse-nio-28444], TLS virtual host [_default_], certificate type [UNDEFINED] configured from keystore [/Users/leeroa/.keystore] using alias [tomcat] with trust store [null]
[17:33:08.306][INFO ][org.springframework.boot.web.embedded.tomcat.TomcatWebServer.start:line241] - Tomcat started on port 28444 (https) with context path ''
[17:33:08.311][INFO ][rise.cc.ChuckChuckServerApplication.logStarted:line56] - Started ChuckChuckServerApplication in 1.336 seconds (process running for 1.588)
[17:33:20.436][INFO ][org.apache.catalina.core.ContainerBase.[Tomcat].[localhost].[/].log:line173] - Initializing Spring DispatcherServlet 'dispatcherServlet'
[17:33:20.437][INFO ][org.springframework.web.servlet.DispatcherServlet.initServletBean:line532] - Initializing Servlet 'dispatcherServlet'
[17:33:20.438][INFO ][org.springframework.web.servlet.DispatcherServlet.initServletBean:line554] - Completed initialization in 1 ms
[17:33:20.486][INFO ][com.zaxxer.hikari.HikariDataSource.getConnection:line110] - HikariPool-1 - Starting...
[17:33:21.849][INFO ][com.zaxxer.hikari.pool.HikariPool.checkFailFast:line565] - HikariPool-1 - Added connection net.sf.log4jdbc.sql.jdbcapi.ConnectionSpy@2bb36fed
[17:33:21.852][INFO ][com.zaxxer.hikari.HikariDataSource.getConnection:line123] - HikariPool-1 - Start completed.
[17:33:21.884][ERROR][jdbc.sqltiming.exceptionOccured:line154] - 1. PreparedStatement.execute() FAILED! INSERT INTO
            CC_EMP (
                EMP_EMAIL,
                EMP_PHONENUM,
                EMP_PW,
                EMP_BIRTH,
                ROLE_ID
        )
        VALUES
            (
                '0',
                '010-1234-1234',
                '0',
                '12/21/2024 16:46:23.224',
                NULL
        )
 {FAILED after 14 msec}
java.sql.SQLIntegrityConstraintViolationException: (conn=947) Column 'ROLE_ID' cannot be null
	at org.mariadb.jdbc.internal.util.exceptions.ExceptionFactory.createException(ExceptionFactory.java:70)
	at org.mariadb.jdbc.internal.util.exceptions.ExceptionFactory.create(ExceptionFactory.java:158)
	at org.mariadb.jdbc.MariaDbStatement.executeExceptionEpilogue(MariaDbStatement.java:262)
	at org.mariadb.jdbc.ClientSidePreparedStatement.executeInternal(ClientSidePreparedStatement.java:229)
	at org.mariadb.jdbc.ClientSidePreparedStatement.execute(ClientSidePreparedStatement.java:149)
	at net.sf.log4jdbc.sql.jdbcapi.PreparedStatementSpy.execute(PreparedStatementSpy.java:443)
	at com.zaxxer.hikari.pool.ProxyPreparedStatement.execute(ProxyPreparedStatement.java:44)
	at com.zaxxer.hikari.pool.HikariProxyPreparedStatement.execute(HikariProxyPreparedStatement.java)
	at org.apache.ibatis.executor.statement.PreparedStatementHandler.update(PreparedStatementHandler.java:48)
	at org.apache.ibatis.executor.statement.RoutingStatementHandler.update(RoutingStatementHandler.java:75)
	at org.apache.ibatis.executor.SimpleExecutor.doUpdate(SimpleExecutor.java:50)
	at org.apache.ibatis.executor.BaseExecutor.update(BaseExecutor.java:117)
	at org.apache.ibatis.executor.CachingExecutor.update(CachingExecutor.java:76)
	at org.apache.ibatis.session.defaults.DefaultSqlSession.update(DefaultSqlSession.java:197)
	at org.apache.ibatis.session.defaults.DefaultSqlSession.insert(DefaultSqlSession.java:184)
	at java.base/jdk.internal.reflect.NativeMethodAccessorImpl.invoke0(Native Method)
	at java.base/jdk.internal.reflect.NativeMethodAccessorImpl.invoke(NativeMethodAccessorImpl.java:77)
	at java.base/jdk.internal.reflect.DelegatingMethodAccessorImpl.invoke(DelegatingMethodAccessorImpl.java:43)
	at java.base/java.lang.reflect.Method.invoke(Method.java:568)
	at org.mybatis.spring.SqlSessionTemplate$SqlSessionInterceptor.invoke(SqlSessionTemplate.java:425)
	at jdk.proxy2/jdk.proxy2.$Proxy68.insert(Unknown Source)
	at org.mybatis.spring.SqlSessionTemplate.insert(SqlSessionTemplate.java:272)
	at org.apache.ibatis.binding.MapperMethod.execute(MapperMethod.java:62)
	at org.apache.ibatis.binding.MapperProxy$PlainMethodInvoker.invoke(MapperProxy.java:141)
	at org.apache.ibatis.binding.MapperProxy.invoke(MapperProxy.java:86)
	at jdk.proxy2/jdk.proxy2.$Proxy69.createEmp(Unknown Source)
	at rise.cc.service.EmpServiceImpl.createEmp(EmpServiceImpl.java:54)
	at java.base/jdk.internal.reflect.NativeMethodAccessorImpl.invoke0(Native Method)
	at java.base/jdk.internal.reflect.NativeMethodAccessorImpl.invoke(NativeMethodAccessorImpl.java:77)
	at java.base/jdk.internal.reflect.DelegatingMethodAccessorImpl.invoke(DelegatingMethodAccessorImpl.java:43)
	at java.base/java.lang.reflect.Method.invoke(Method.java:568)
	at org.springframework.aop.support.AopUtils.invokeJoinpointUsingReflection(AopUtils.java:354)
	at org.springframework.aop.framework.CglibAopProxy$DynamicAdvisedInterceptor.intercept(CglibAopProxy.java:716)
	at rise.cc.service.EmpServiceImpl$$SpringCGLIB$$0.createEmp(<generated>)
	at rise.cc.controller.EmpController.createEmp(EmpController.java:71)
	at java.base/jdk.internal.reflect.NativeMethodAccessorImpl.invoke0(Native Method)
	at java.base/jdk.internal.reflect.NativeMethodAccessorImpl.invoke(NativeMethodAccessorImpl.java:77)
	at java.base/jdk.internal.reflect.DelegatingMethodAccessorImpl.invoke(DelegatingMethodAccessorImpl.java:43)
	at java.base/java.lang.reflect.Method.invoke(Method.java:568)
	at org.springframework.web.method.support.InvocableHandlerMethod.doInvoke(InvocableHandlerMethod.java:255)
	at org.springframework.web.method.support.InvocableHandlerMethod.invokeForRequest(InvocableHandlerMethod.java:188)
	at org.springframework.web.servlet.mvc.method.annotation.ServletInvocableHandlerMethod.invokeAndHandle(ServletInvocableHandlerMethod.java:118)
	at org.springframework.web.servlet.mvc.method.annotation.RequestMappingHandlerAdapter.invokeHandlerMethod(RequestMappingHandlerAdapter.java:926)
	at org.springframework.web.servlet.mvc.method.annotation.RequestMappingHandlerAdapter.handleInternal(RequestMappingHandlerAdapter.java:831)
	at org.springframework.web.servlet.mvc.method.AbstractHandlerMethodAdapter.handle(AbstractHandlerMethodAdapter.java:87)
	at org.springframework.web.servlet.DispatcherServlet.doDispatch(DispatcherServlet.java:1089)
	at org.springframework.web.servlet.DispatcherServlet.doService(DispatcherServlet.java:979)
	at org.springframework.web.servlet.FrameworkServlet.processRequest(FrameworkServlet.java:1014)
	at org.springframework.web.servlet.FrameworkServlet.doPost(FrameworkServlet.java:914)
	at jakarta.servlet.http.HttpServlet.service(HttpServlet.java:590)
	at org.springframework.web.servlet.FrameworkServlet.service(FrameworkServlet.java:885)
	at jakarta.servlet.http.HttpServlet.service(HttpServlet.java:658)
	at org.apache.catalina.core.ApplicationFilterChain.internalDoFilter(ApplicationFilterChain.java:206)
	at org.apache.catalina.core.ApplicationFilterChain.doFilter(ApplicationFilterChain.java:150)
	at org.apache.tomcat.websocket.server.WsFilter.doFilter(WsFilter.java:51)
	at org.apache.catalina.core.ApplicationFilterChain.internalDoFilter(ApplicationFilterChain.java:175)
	at org.apache.catalina.core.ApplicationFilterChain.doFilter(ApplicationFilterChain.java:150)
	at org.springframework.web.filter.RequestContextFilter.doFilterInternal(RequestContextFilter.java:100)
	at org.springframework.web.filter.OncePerRequestFilter.doFilter(OncePerRequestFilter.java:116)
	at org.apache.catalina.core.ApplicationFilterChain.internalDoFilter(ApplicationFilterChain.java:175)
	at org.apache.catalina.core.ApplicationFilterChain.doFilter(ApplicationFilterChain.java:150)
	at org.springframework.web.filter.FormContentFilter.doFilterInternal(FormContentFilter.java:93)
	at org.springframework.web.filter.OncePerRequestFilter.doFilter(OncePerRequestFilter.java:116)
	at org.apache.catalina.core.ApplicationFilterChain.internalDoFilter(ApplicationFilterChain.java:175)
	at org.apache.catalina.core.ApplicationFilterChain.doFilter(ApplicationFilterChain.java:150)
	at org.springframework.web.filter.CharacterEncodingFilter.doFilterInternal(CharacterEncodingFilter.java:201)
	at org.springframework.web.filter.OncePerRequestFilter.doFilter(OncePerRequestFilter.java:116)
	at org.apache.catalina.core.ApplicationFilterChain.internalDoFilter(ApplicationFilterChain.java:175)
	at org.apache.catalina.core.ApplicationFilterChain.doFilter(ApplicationFilterChain.java:150)
	at org.apache.catalina.core.StandardWrapperValve.invoke(StandardWrapperValve.java:167)
	at org.apache.catalina.core.StandardContextValve.invoke(StandardContextValve.java:90)
	at org.apache.catalina.authenticator.AuthenticatorBase.invoke(AuthenticatorBase.java:482)
	at org.apache.catalina.core.StandardHostValve.invoke(StandardHostValve.java:115)
	at org.apache.catalina.valves.ErrorReportValve.invoke(ErrorReportValve.java:93)
	at org.apache.catalina.core.StandardEngineValve.invoke(StandardEngineValve.java:74)
	at org.apache.catalina.connector.CoyoteAdapter.service(CoyoteAdapter.java:344)
	at org.apache.coyote.http11.Http11Processor.service(Http11Processor.java:391)
	at org.apache.coyote.AbstractProcessorLight.process(AbstractProcessorLight.java:63)
	at org.apache.coyote.AbstractProtocol$ConnectionHandler.process(AbstractProtocol.java:896)
	at org.apache.tomcat.util.net.NioEndpoint$SocketProcessor.doRun(NioEndpoint.java:1736)
	at org.apache.tomcat.util.net.SocketProcessorBase.run(SocketProcessorBase.java:52)
	at org.apache.tomcat.util.threads.ThreadPoolExecutor.runWorker(ThreadPoolExecutor.java:1191)
	at org.apache.tomcat.util.threads.ThreadPoolExecutor$Worker.run(ThreadPoolExecutor.java:659)
	at org.apache.tomcat.util.threads.TaskThread$WrappingRunnable.run(TaskThread.java:63)
	at java.base/java.lang.Thread.run(Thread.java:833)
Caused by: org.mariadb.jdbc.internal.util.exceptions.MariaDbSqlException: Column 'ROLE_ID' cannot be null
	at org.mariadb.jdbc.internal.util.exceptions.MariaDbSqlException.of(MariaDbSqlException.java:34)
	at org.mariadb.jdbc.internal.protocol.AbstractQueryProtocol.exceptionWithQuery(AbstractQueryProtocol.java:195)
	at org.mariadb.jdbc.internal.protocol.AbstractQueryProtocol.exceptionWithQuery(AbstractQueryProtocol.java:178)
	at org.mariadb.jdbc.internal.protocol.AbstractQueryProtocol.executeQuery(AbstractQueryProtocol.java:322)
	at org.mariadb.jdbc.ClientSidePreparedStatement.executeInternal(ClientSidePreparedStatement.java:220)
	... 81 common frames omitted
Caused by: java.sql.SQLException: Column 'ROLE_ID' cannot be null
	at org.mariadb.jdbc.internal.protocol.AbstractQueryProtocol.readErrorPacket(AbstractQueryProtocol.java:1693)
	at org.mariadb.jdbc.internal.protocol.AbstractQueryProtocol.readPacket(AbstractQueryProtocol.java:1555)
	at org.mariadb.jdbc.internal.protocol.AbstractQueryProtocol.getResult(AbstractQueryProtocol.java:1518)
	at org.mariadb.jdbc.internal.protocol.AbstractQueryProtocol.executeQuery(AbstractQueryProtocol.java:319)
	... 82 common frames omitted
[17:33:21.958][ERROR][rise.cc.service.EmpServiceImpl.createEmp:line60] - 계정 생성 DB 에러 : 
### Error updating database.  Cause: java.sql.SQLIntegrityConstraintViolationException: (conn=947) Column 'ROLE_ID' cannot be null
### The error may exist in file [/Users/leeroa/Desktop/DEV/study/ChuckChuck-Server/build/resources/main/mapper/EmpDao.xml]
### The error may involve rise.cc.dao.EmpDao.createEmp-Inline
### The error occurred while setting parameters
### SQL: INSERT INTO             CC_EMP (                 EMP_EMAIL,                 EMP_PHONENUM,                 EMP_PW,                 EMP_BIRTH,                 ROLE_ID         )         VALUES             (                 ?,                 ?,                 ?,                 ?,                 ?         )
### Cause: java.sql.SQLIntegrityConstraintViolationException: (conn=947) Column 'ROLE_ID' cannot be null
; (conn=947) Column 'ROLE_ID' cannot be null
[17:47:21.363][INFO ][jdbc.sqltiming.sqlTimingOccurred:line373] - SELECT
            CC_EMP.EMP_EMAIL,
            CC_EMP.EMP_PW,
            CC_CODE.CODE_NAME AS ROLE
        FROM
            CC_EMP
                INNER JOIN
            CC_CODE
            ON
                CC_EMP.ROLE_ID = CC_CODE.CODE_NO
        WHERE
            EMP_RETIRE_DT IS NULL
          AND
            EMP_ACCOUNT_STATUS = 'Y'
          AND
            EMP_EMAIL = '4'
 {executed in 13 msec}
[17:47:21.373][INFO ][jdbc.resultsettable.resultSetCollected:line610] - 
|----------|-------|----------|
|emp_email |emp_pw |code_name |
|----------|-------|----------|
|4         |4      |ROLE_USER |
|----------|-------|----------|

[17:47:21.374][INFO ][rise.cc.service.EmpServiceImpl.loginProc:line30] - 로그인 프로세스 성공
[17:47:41.008][INFO ][jdbc.sqltiming.sqlTimingOccurred:line373] - SELECT
            CC_EMP.EMP_EMAIL,
            CC_EMP.EMP_PW,
            CC_CODE.CODE_NAME AS ROLE
        FROM
            CC_EMP
                INNER JOIN
            CC_CODE
            ON
                CC_EMP.ROLE_ID = CC_CODE.CODE_NO
        WHERE
            EMP_RETIRE_DT IS NULL
          AND
            EMP_ACCOUNT_STATUS = 'Y'
          AND
            EMP_EMAIL = '4'
 {executed in 13 msec}
[17:47:41.012][INFO ][jdbc.resultsettable.resultSetCollected:line610] - 
|----------|-------|----------|
|emp_email |emp_pw |code_name |
|----------|-------|----------|
|4         |4      |ROLE_USER |
|----------|-------|----------|

[17:47:41.012][INFO ][rise.cc.service.EmpServiceImpl.loginProc:line30] - 로그인 프로세스 성공
[17:47:48.483][INFO ][jdbc.sqltiming.sqlTimingOccurred:line373] - SELECT
            CC_EMP.EMP_EMAIL,
            CC_EMP.EMP_PW,
            CC_CODE.CODE_NAME AS ROLE
        FROM
            CC_EMP
                INNER JOIN
            CC_CODE
            ON
                CC_EMP.ROLE_ID = CC_CODE.CODE_NO
        WHERE
            EMP_RETIRE_DT IS NULL
          AND
            EMP_ACCOUNT_STATUS = 'Y'
          AND
            EMP_EMAIL = '5'
 {executed in 13 msec}
[17:47:48.485][INFO ][jdbc.resultsettable.resultSetCollected:line610] - 
|----------|-------|----------|
|emp_email |emp_pw |code_name |
|----------|-------|----------|
|----------|-------|----------|

[17:47:48.488][ERROR][rise.cc.service.EmpServiceImpl.loginProc:line26] - 로그인 프로세스 요청 에러 : 존재하지 않는 사용자입니다.
[17:48:02.840][INFO ][jdbc.sqltiming.sqlTimingOccurred:line373] - SELECT
            CC_EMP.EMP_EMAIL,
            CC_EMP.EMP_PW,
            CC_CODE.CODE_NAME AS ROLE
        FROM
            CC_EMP
                INNER JOIN
            CC_CODE
            ON
                CC_EMP.ROLE_ID = CC_CODE.CODE_NO
        WHERE
            EMP_RETIRE_DT IS NULL
          AND
            EMP_ACCOUNT_STATUS = 'Y'
          AND
            EMP_EMAIL = '3'
 {executed in 13 msec}
[17:48:02.843][INFO ][jdbc.resultsettable.resultSetCollected:line610] - 
|----------|-------|----------|
|emp_email |emp_pw |code_name |
|----------|-------|----------|
|3         |3      |ROLE_EMP  |
|----------|-------|----------|

[17:48:02.843][INFO ][rise.cc.service.EmpServiceImpl.loginProc:line30] - 로그인 프로세스 성공
[17:58:28.941][WARN ][com.zaxxer.hikari.pool.HikariPool.run:line804] - HikariPool-1 - Thread starvation or clock leap detected (housekeeper delta=3m2s223ms).
[18:02:10.816][WARN ][com.zaxxer.hikari.pool.HikariPool.run:line804] - HikariPool-1 - Thread starvation or clock leap detected (housekeeper delta=2m3s783ms).
[18:02:56.415][WARN ][com.zaxxer.hikari.pool.HikariPool.run:line804] - HikariPool-1 - Thread starvation or clock leap detected (housekeeper delta=45s599ms).
[18:04:04.324][WARN ][com.zaxxer.hikari.pool.HikariPool.run:line804] - HikariPool-1 - Thread starvation or clock leap detected (housekeeper delta=1m7s908ms).
[18:05:10.345][WARN ][com.zaxxer.hikari.pool.HikariPool.run:line804] - HikariPool-1 - Thread starvation or clock leap detected (housekeeper delta=1m6s21ms).
[18:10:07.415][WARN ][com.zaxxer.hikari.pool.HikariPool.run:line804] - HikariPool-1 - Thread starvation or clock leap detected (housekeeper delta=1m3s534ms).
[18:13:20.241][WARN ][com.zaxxer.hikari.pool.HikariPool.run:line804] - HikariPool-1 - Thread starvation or clock leap detected (housekeeper delta=3m12s826ms).
[18:27:36.995][WARN ][com.zaxxer.hikari.pool.HikariPool.run:line804] - HikariPool-1 - Thread starvation or clock leap detected (housekeeper delta=14m16s753ms).
[19:19:24.081][WARN ][com.zaxxer.hikari.pool.HikariPool.run:line804] - HikariPool-1 - Thread starvation or clock leap detected (housekeeper delta=51m47s87ms).
[20:28:33.561][WARN ][com.zaxxer.hikari.pool.HikariPool.run:line804] - HikariPool-1 - Thread starvation or clock leap detected (housekeeper delta=1h9m9s480ms).
[21:19:41.024][WARN ][com.zaxxer.hikari.pool.HikariPool.run:line804] - HikariPool-1 - Thread starvation or clock leap detected (housekeeper delta=51m7s462ms).
[21:31:39.813][WARN ][com.zaxxer.hikari.pool.HikariPool.run:line804] - HikariPool-1 - Thread starvation or clock leap detected (housekeeper delta=11m58s789ms).
[21:41:42.679][WARN ][com.zaxxer.hikari.pool.HikariPool.run:line804] - HikariPool-1 - Thread starvation or clock leap detected (housekeeper delta=10m2s867ms).
[22:32:28.213][WARN ][com.zaxxer.hikari.pool.HikariPool.run:line804] - HikariPool-1 - Thread starvation or clock leap detected (housekeeper delta=50m45s533ms).
[23:00:19.296][WARN ][com.zaxxer.hikari.pool.HikariPool.run:line804] - HikariPool-1 - Thread starvation or clock leap detected (housekeeper delta=27m51s84ms).
[23:01:34.531][WARN ][com.zaxxer.hikari.pool.HikariPool.run:line804] - HikariPool-1 - Thread starvation or clock leap detected (housekeeper delta=1m15s235ms).
[23:11:51.497][WARN ][com.zaxxer.hikari.pool.HikariPool.run:line804] - HikariPool-1 - Thread starvation or clock leap detected (housekeeper delta=7m59s931ms).
[23:17:50.209][WARN ][com.zaxxer.hikari.pool.HikariPool.run:line804] - HikariPool-1 - Thread starvation or clock leap detected (housekeeper delta=5m58s712ms).
